emis,exam_no,school,dinaledi,quintile,2014_pass_rate,2014_achieved,2014_wrote,2013_pass_rate,2013_achieved,2013_wrote,2012_pass_rate,2012_achieved,2012_wrote
200300003,4161001,Amabele Senior Secondary,N,1,37.8,14,37,67.4,31,46,74.2,23,31
200300869,4161002,Bethel College High,N,,71.2,42,59,78,46,59,56.3,27,48
200300024,4161003,Blythswood Institution,N,3,62.5,50,80,63.7,58,91,69.8,44,63
200300033,4161048,Bongolethu Senior Secondary,N,2,50,13,26,64.9,24,37,84.6,22,26
200300741,4161037,Butterworth High,N,4,75.3,61,81,88.8,71,80,63.9,46,72
200300879,4164049,Butterworth Revival Christian,N,,66.7,6,9,,,,,,
200300053,4161004,Cunningham Senior,N,3,36.1,22,61,44.4,32,72,31,27,87
200300057,4161005,Daluhlanga Senior Secondary,N,2,56.6,47,83,67.5,54,80,37.4,40,107
200300070,4161006,Dlulisa Senior Secondary,N,1,100,1,1,4.2,1,24,4.5,1,22
200300071,4161042,Dondashe Senior Secondary,N,1,69,60,87,58.9,56,95,70.6,72,102
200300870,4161007,Elukhanyisweni College,N,,35.9,14,39,27,24,89,19.2,19,99
200300873,4162021,Emmanuel Junior School,N,,75,9,12,,,,,,
200300788,4161009,Ezingcuka Senior Secondary,N,1,66.9,105,157,71.1,128,180,59.6,102,171
200300744,4161008,Ezingqayi Senior Secondary,N,2,60.9,39,64,60.3,44,73,57.4,27,47
200300093,4161010,Ezizweni Senior Secondary,N,2,53.1,43,81,65.1,41,63,21.1,20,95
200300787,4161011,Gobe Commercial,N,2,83.3,55,66,65.2,73,112,73.9,82,111
200300123,4161012,Gwadana Senior Secondary,N,2,54.2,13,24,81.1,30,37,60,15,25
200300124,4161013,Gwelane Senior Secondary,Y,1,51.3,39,76,79,49,62,73.9,34,46
200300149,4161014,Isolomzi Senior Secondary,N,1,88.6,39,44,67.9,57,84,75,45,60
200300723,4161038,Jj Njeza Senior Secondary,N,1,51.5,52,101,70.1,68,97,50.7,34,67
200300165,4161043,Jongabantu Senior Secondary,N,2,24.7,23,93,46.2,42,91,53.7,29,54
200300169,4161044,Jongilizwe Senior Secondary,N,3,74.5,38,51,81.8,36,44,11.1,6,54
200300189,4161015,Krazukile Senior Secondary,N,1,52.7,29,55,44.3,31,70,27.7,13,47
200300198,4161016,Kwantozonke Senior,N,3,24.5,12,49,29.2,14,48,57.8,26,45
200300782,4161017,Lamplough Senior Secondary,N,3,87.1,88,101,73.6,106,144,80.9,110,136
200300256,4161018,Maboboti Senior Secondary.,N,1,50,11,22,28.6,4,14,40,6,15
200300258,4161019,Macibe Senior Secondary,N,2,73.6,39,53,64.4,58,90,39.5,32,81
200300846,4161039,Mente Senior Secondary,N,1,90.3,56,62,76.1,54,71,65.7,23,35
200300329,4161045,Mgomanzi Senior Secondary,N,3,32.8,19,58,31.4,27,86,20.6,14,68
200300381,4161020,Msobomvu Senior Secondary,N,3,47.5,170,358,61.8,152,246,61.3,192,313
200300383,4161021,Mtawelanga Senior Secondary,N,2,31.7,20,63,62.1,64,103,60.5,52,86
200300382,4161022,Mtebele Senior Secondary,N,2,32.7,34,104,37.8,37,98,35.1,34,97
200300164,4161049,Mzamomhle Senior,N,3,18.2,2,11,88.9,8,9,75,6,8
200300778,4161023,Ncedisizwe Senior Secondary,N,1,59.1,39,66,53.1,77,145,64.3,92,143
200300420,4161024,Ndabankulu Senior Secondary,Y,3,76.8,126,164,78.4,152,194,65.9,87,132
200300443,4164050,Ngubesizwe Senior Secondary,N,,46.7,7,15,,,,,,
200300472,4161025,Nolitha Comprehensive,N,3,54.2,39,72,48.6,51,105,62.5,15,24
200300434,4161026,Nomaheya Senior Secondary,N,3,28.8,36,125,60.2,80,133,60.3,76,126
200300488,4161040,Nondwe Senior Secondary,N,1,63.2,12,19,35.3,12,34,76.9,10,13
200300533,4161041,Pakamani Senior Secondary,N,3,89.3,133,149,85.9,134,156,64.8,151,233
200300790,4161027,Qombolo Senior Secondary,N,1,53.7,29,54,39.3,22,56,75.6,31,41
200300574,4161028,Siyabulela Senior Secondary,N,3,29.8,14,47,71.7,38,53,47.5,19,40
200300823,4161029,Sophakama Senior Secondary,N,2,88.9,16,18,45.8,11,24,76.5,13,17
200300587,4161046,Tanga Senior Secondary,N,3,95.8,23,24,47.8,44,92,42.9,45,105
200300614,4161030,Tyali Senior Secondary,N,1,52.5,52,99,28.9,110,380,31.3,73,233
200300646,4161031,Vuli-Valley Senior Secondary,Y,4,53.2,82,154,74.3,107,144,53.5,107,200
200300650,4161032,Vuluhlanga Senior Secondary,N,2,75,30,40,86.1,31,36,93.5,29,31
200300663,4161033,Xilinxa Senior Secondary,N,2,67.2,43,64,72.7,32,44,68,34,50
200300677,4161034,Zanewonga Senior Secondary,N,1,51,25,49,71.4,40,56,42.6,26,61
200300683,4161047,Zazulwana Senior Secondary,N,3,78.1,25,32,42.1,16,38,60,18,30
200300702,4161035,Zwelandile Senior Secondary,N,3,53.6,30,56,45.7,32,70,42.6,29,68
200300709,4161036,Zweliwelile Senior Secondary,Y,3,40.4,42,104,57.2,87,152,61.7,37,60
200600003,4141001,A.M. Zantsi Senior Secondary,N,1,98.2,54,55,100,28,28,63,34,54
200601046,4141002,Arthur Mfebe Senior,N,2,52.3,23,44,45.9,17,37,76.9,30,39
200601077,4141029,Bubele Senior Secondary,N,1,63.6,7,11,30.8,4,13,30.8,8,26
200600109,4141003,&Rï¿½PYDED 6HQLRU 6HFRQGDU\,N,3,88.3,136,154,88.9,112,126,89.8,106,118
200601092,4141005,Daliwonga High,N,2,63.7,65,102,86,86,100,96.1,49,51
200600195,4141030,Falo Senior Secondary,N,2,42.2,43,102,59.4,60,101,82.6,57,69
200300111,4141006,Gobinamba Senior Secondary,N,3,73.2,30,41,77.3,34,44,72.5,37,51
200601112,4141031,Hala Senior Secondary,N,1,75,18,24,72,18,25,35.7,10,28
200601031,4141007,Isikhoba Nombewu Tech S.S.,N,2,59.3,32,54,75.7,56,74,45.1,23,51
200600301,4141008,Isivivane Senior Secondary,N,1,30,9,30,21.1,4,19,39.4,13,33
200300804,4141032,Jongizizwe Nkwenkwezi,N,2,46.7,14,30,56.3,18,32,20,5,25
200600335,4141009,Khwaza Senior Secondary,Y,1,46.6,27,58,44.1,45,102,73.5,36,49
200300207,4141010,Langalethu Senior Secondary,N,1,69.2,9,13,47.4,9,19,70.6,12,17
200601032,4141011,Lower Seplan Senior,N,1,7.7,1,13,80,8,10,71.4,10,14
200300761,4141012,Lukhanyisweni Senior,N,2,40,2,5,63.2,12,19,57.1,8,14
200300279,4141013,Mangelengele,N,2,81.5,44,54,86.9,73,84,82.2,37,45
200600456,4141014,Mazibuko Senoir Secondary,N,1,87.2,34,39,54.7,35,64,54.8,46,84
200300343,4141015,Middle Zolo Senior Secondary,N,3,41.7,5,12,35.7,5,14,46.2,6,13
200601096,4141016,Mtetuvumile,N,1,51.9,27,52,81.4,48,59,97.1,33,34
200601139,4141027,Mzimvubu Senior Secondary,N,1,54.9,28,51,76.6,36,47,96.2,25,26
200600552,4141018,Ncuncuzo Senior Secondary,Y,2,74.1,103,139,67.6,69,102,80.9,72,89
200300845,4141019,Ndyebo-Ntsaluba Senior,N,1,78.4,40,51,96.2,50,52,94.5,52,55
200600615,4141020,Nonkululeko Senior,N,1,60,12,20,50,13,26,78.6,11,14
200601047,4141028,Sabata Senior Secondary,N,1,57.4,35,61,76.1,35,46,52.8,28,53
200600756,4141021,Siyabalala Senior Secondary,N,1,44.3,31,70,58.3,28,48,75.7,28,37
200600987,4141022,St. James Senior Secondary,Y,3,98.3,173,176,94.4,185,196,94.9,167,176
200300612,4141023,Tsomo Senior Secondary,N,3,63.9,69,108,73.9,88,119,91,71,78
200601045,4141025,Zwelandile Senior Secondary,N,2,32.8,20,61,55.6,15,27,65.4,17,26
200300711,4141026,Zwelixolile Senior Secondary,N,2,50,9,18,73.9,17,23,23.1,6,26
200600117,4091001,Cradock High,N,5,92,81,88,97.4,74,76,95.3,82,86
200600556,4091018,Cradock Prison,N,3,0,0,5,0,0,4,,,
200600162,4091002,Ekuphumleni Senior,N,3,75,18,24,67.7,21,31,55.9,19,34
200600288,4091003,Ikwezi Senior Secondary,N,2,38.9,21,54,62.9,39,62,73.3,33,45
200600229,4091004,Inyathi High,N,3,75.4,49,65,67.7,42,62,56.3,49,87
200600304,4091005,J.A Calata Senior Secondary,N,3,84.8,56,66,88.1,52,59,75.4,52,69
200600345,4091006,Kopano Senior Secondary,N,3,85,17,20,37.2,16,43,48.6,17,35
200600265,4091007,Marlow Agricultural High,N,4,97.8,44,45,100,53,53,100,37,37
200600453,4091017,Matthew Goniwe,N,3,66.7,16,24,58.2,32,55,70.7,29,41
200600458,4091008,Mbekweni High,N,2,96,24,25,73.7,28,38,78.9,30,38
200600482,4091009,Michausdal Secondary,N,3,95,57,60,86.6,58,67,75,87,116
200600483,4091010,Middelburg High,N,4,97,32,33,96.9,31,32,96.9,31,32
200600484,4091011,Middelland Secondary,N,3,92.8,64,69,63.4,64,101,84.6,88,104
200600969,4091012,Phakama Hofmeyr High,N,3,66.7,8,12,48.4,15,31,26.7,12,45
200600705,4091013,Raymond Mhlaba Senior,N,3,61.9,26,42,95,38,40,54.3,25,46
200600761,4091014,Sizamile Senior Secondary,N,3,100,22,22,45.7,21,46,52.9,18,34
200600819,4091015,Tarkastad High,N,4,100,15,15,89.7,26,29,100,28,28
200600936,4091016,Zanabantu High,N,3,85.7,18,21,70.8,17,24,57.9,11,19
200300008,4151001,Badi Senior Secondary,N,2,78.9,71,90,78.1,89,114,65.6,59,90
200300011,4151002,Bashee Senior Secondary,N,1,53.8,43,80,46.9,46,98,42.7,38,89
200300028,4151003,Bomela Senior Secondary,N,2,37.3,19,51,44.9,44,98,50,29,58
200300831,4151004,Bonkolo Senior Secondary,N,3,43.5,30,69,32.9,26,79,28.7,29,101
200300051,4151005,Colosa Senior Secondary,Y,2,65.7,94,143,62.1,54,87,44,70,159
200300836,4151006,Dinizulu Senior Secondary,N,2,78.4,29,37,40,30,75,57.6,38,66
200300875,4151038,Dumalisile Comprehensive,N,1,67.7,65,96,40,52,130,35.9,33,92
200400149,4151007,Elliotdale Tech,N,3,63.2,74,117,77.9,81,104,72.7,56,77
200300086,4151008,Enoch Mamba Senior S,N,1,39.7,25,63,28.8,19,66,41.4,12,29
200401413,4152009,Executive Academy,N,,56.8,209,368,63.1,128,203,50,193,386
200300100,4151010,Fort Malan Senior Secondary,N,2,76.5,39,51,70,63,90,65.8,25,38
200400194,4151011,Ganizulu Senior Secondary,N,1,48.7,38,78,49.6,56,113,48,36,75
200400250,4151012,Gwebityala Senior Secondary,N,1,34.4,22,64,37.3,22,59,28.8,17,59
200401414,4152013,Idutywa School Of Excellence,N,,42.1,77,183,,,,,,
200400280,4151014,Jalamba Senior Secondary,N,3,69.2,9,13,16.4,10,61,38.2,26,68
200300168,4151015,Jongilanga Senior Secondary,N,1,34.1,14,41,39.8,35,88,34.9,15,43
200300153,4151016,JS Skenjana Senior,Y,3,89.3,201,225,93.3,237,254,84.3,166,197
200300202,4151017,LM Malgas Senior Secondary,N,2,54.8,17,31,87.1,27,31,75,15,20
200300242,4151018,Lukhanyo Senior Secondary,N,1,6.3,1,16,41.7,20,48,61.1,11,18
200300857,4151019,Lukhozana Senior Secondary,N,2,53.8,7,13,73.3,11,15,64.3,9,14
200300850,4151020,Lurwayizo Senior Secondary,N,1,38.5,5,13,26.7,4,15,77.8,7,9
200300801,4151022,Mazizini Senior Secondary,N,2,78.8,41,52,94.5,69,73,38.9,28,72
200300868,4152023,Mida,N,,80,84,105,71.3,87,122,79.6,86,108
200300780,4151024,Mpozolo Senior Secondary,N,1,42.4,14,33,65.8,25,38,32.4,12,37
200400734,4151025,Ngangolwandle Senior Senior,N,1,69.5,230,331,74,191,258,56.5,105,186
200300433,4151026,Ngcingwane Tech Senior,N,3,63.7,65,102,46.9,46,98,60.2,62,103
200300449,4151027,Ngwenze Senior Senior,N,2,43.8,53,121,58.4,94,161,46.9,46,98
200400808,4151028,Nobangile Senior Secondary,N,1,38.8,26,67,36.8,25,68,33.3,17,51
200300503,4151037,Nqabara Senior Secondary,N,1,52.5,53,101,55.6,74,133,41.6,37,89
200300832,4151030,Nqabisile Senior Secondary,N,1,39.1,9,23,39.5,17,43,28.6,12,42
200300627,4151031,Upper Gwadu Senior,N,2,74,37,50,53.1,26,49,61.2,30,49
200300719,4151032,Vulingcobo Senior Secondary,N,1,60.7,51,84,62.9,39,62,65,39,60
200300764,4151033,Willovale Senior Secondary,N,3,39.2,31,79,42.9,30,70,45.5,15,33
200300666,4151034,Xolilizwe Senior Secondary,N,2,43,74,172,80.2,97,121,75.3,70,93
200401208,4151035,Zwelenqaba Senior,N,1,33.3,24,72,81.5,22,27,29.8,25,84
200300703,4151036,Zwelidumile Senior Secondary,N,1,33,33,100,75,57,76,36.5,31,85
200200091,4182001,Accord Business Academy,N,,47.6,10,21,23.1,6,26,40,10,25
200200009,4182002,Alphendale Sen Sec School,N,4,82.9,97,117,80.4,90,112,88,81,92
200201004,4182003,Althorpe College,N,,61.2,41,67,76.6,59,77,45.5,35,77
200200035,4181004,Beaconhurst,N,5,100,47,47,100,46,46,100,55,55
200201048,4181005,Bhongolethu Senior,N,2,78,39,50,63.8,30,47,63.5,33,52
200200072,4181006,Blyletts Combined,Y,2,84.6,110,130,88.3,91,103,95.9,70,73
200200060,4181007,Buchule Technical High,N,3,62.8,27,43,76.6,36,47,75.5,40,53
200200075,4181008,Cambridge High,N,5,99.4,175,176,99.5,183,184,98.9,179,181
200201069,4182088,Centre Of Excellence,N,,75.7,56,74,63.6,42,66,64.1,41,64
200200088,4181009,Clarendon Girls High,N,5,100,147,147,100,142,142,100,142,142
200200111,4181011,David Mama High,N,3,64.4,58,90,75.8,91,120,71.6,58,81
200200139,4181052,East London Secondary,N,4,94.3,50,53,77.3,51,66,84.9,45,53
200201035,4181012,East London Science College,N,,100,62,62,94.9,75,79,76.7,66,86
200200141,4181013,Ebenzer Majombozi High,Y,3,91.3,115,126,73.7,87,118,76.5,62,81
200200168,4181053,Eric Mntonga High,N,3,39.1,18,46,60,18,30,69,40,58
200200191,4181014,Funiwe Senior Secondary,N,2,89.7,61,68,96.2,51,53,88.6,39,44
200200203,4181015,George Randell High,N,5,97.3,72,74,98.8,80,81,97.2,70,72
200201018,4181090,Gonubie High School,N,4,96.3,77,80,98.3,57,58,,,
200200990,4181054,Goodhope Senior Secondary,N,2,49,25,51,48.6,34,70,79.4,27,34
200200220,4181055,Greenpoint Secondary,N,4,78.2,68,87,88.6,101,114,97.2,70,72
200200253,4181016,Grens High,N,5,100,113,113,98.9,93,94,99.1,109,110
200200227,4181017,Gwaba Combined,N,3,55.9,19,34,64.1,25,39,64.3,18,28
200200248,4181019,Hlokoma High Scool,N,3,90.8,69,76,52,26,50,64.1,25,39
200200251,4181020,Hlumani High,N,3,57.8,37,64,42.6,26,61,32.8,20,61
200200260,4181021,Hudson Park High,N,5,100,222,222,98.2,215,219,100,222,222
200200985,4181056,Inkwenkwezi High,N,3,62.8,27,43,53,35,66,60,21,35
200200455,4181022,J.F Mati Senior Secondary,N,3,54.5,24,44,84.8,28,33,46.6,34,73
200200292,4181057,John Bisseker Secondary,N,4,88.4,107,121,79.5,124,156,81.1,107,132
200200294,4181058,Jongilanga High,N,2,37.8,14,37,44.8,13,29,76.2,16,21
200200296,4181059,Jonguhlanga Senior,N,3,50,5,10,38.1,8,21,100,2,2
200200314,4181060,Khulani Commercial High,Y,3,81.2,121,149,83,137,165,80.1,121,151
200200333,4181024,Kusile Comprehesive,N,3,72.4,92,127,62.1,64,103,64.9,72,111
200200342,4181061,Kwenxura Senior Secondary,N,1,51.2,21,41,60.5,23,38,51.9,14,27
200200359,4181026,Lilyfontien,N,5,100,26,26,100,25,25,100,24,24
200200362,4181025,Lingelethu Senior Secondary,N,2,41.6,37,89,53.6,60,112,64.2,43,67
200200371,4181062,Loyiso Senior Secondary,N,3,62.2,28,45,37.7,23,61,22.8,18,79
200200379,4181063,Lumko High,N,3,78.6,66,84,86.7,72,83,71.2,84,118
200200389,4181064,Luyolo Senior Secondary,N,2,66.7,4,6,80,8,10,100,6,6
200200437,4181027,Masixole High,N,3,62.9,39,62,78.9,45,57,67.6,46,68
200200483,4181028,Mizamo Senior Secondary,N,3,41.7,25,60,56.1,55,98,46.7,35,75
200200495,4181029,Moses Mabhida Senior,N,3,61.1,22,36,83.3,20,24,29.5,13,44
200200504,4181030,Msobomvu High,N,2,30,3,10,75,6,8,53.8,14,26
200200521,4181091,Mzamowethu Public School,N,3,56.4,22,39,53.6,15,28,46.3,19,41
200200527,4181065,Mzokhanyo High,N,3,59.7,37,62,49.5,50,101,39.6,63,159
200200528,4181066,Mzomhle Senior Secondary,N,3,61.4,51,83,69.8,44,63,64.7,44,68
200201049,4181031,Mzwini Senior Secondary,N,2,42.9,6,14,29.2,7,24,83.3,20,24
200200574,4181067,Ngwenyathi High,N,3,87.7,50,57,60.7,51,84,69.1,56,81
200200619,4181032,Noncedo Combined,N,3,54.2,13,24,45.5,10,22,39.1,9,23
200200639,4181068,Nowawe High,N,3,42.3,11,26,89.7,52,58,16.4,9,55
200200658,4181033,Ntsokotha Senior Secondary,N,3,74.4,29,39,37.8,14,37,46.9,15,32
200200664,4181034,Nyameko High,N,3,81,128,158,84.5,98,116,81.4,70,86
200200996,4182035,Oxford College,N,,43.8,7,16,17.6,3,17,16.7,3,18
200200688,4181036,Philemon Ngcelwane High,N,3,71.8,56,78,76.2,77,101,58.9,56,95
200200699,4181037,Port Rex Technical High,N,5,80.2,77,96,87,67,77,85.3,81,95
200200707,4181069,Qaqamba Senior Secondary,N,3,80,40,50,87.8,43,49,69.2,27,39
200200988,4181038,Qhamani Senior Secondary,N,3,92.3,12,13,100,9,9,90.9,10,11
200200714,4181070,Qhasana Senior Secondary,N,3,62.2,28,45,43.3,13,30,50,19,38
200200737,4181071,S.E.K Mqhayi High,N,3,79.4,27,34,23.7,9,38,20.3,14,69
200201033,4181088,Sakhikamva High,N,3,46.2,30,65,18.7,14,75,51.2,21,41
200200742,4181072,Sakhisizwe High,N,3,73.6,39,53,71.1,54,76,47.9,35,73
200200748,4181039,Sandisiwe High,N,3,61.7,66,107,71.4,75,105,76.1,67,88
200200705,4181040,Selborne College Boys High,N,2,99.3,141,142,99.3,133,134,99.3,142,143
200200765,4181041,Sikhulule High,N,3,53.9,41,76,47.5,48,101,54.5,36,66
200200767,4181073,Silimela High,N,3,65.8,25,38,87.5,21,24,33.3,14,42
200200774,4181074,Sinethemba Senior Secondary,N,3,57.3,43,75,61.9,39,63,,,
200200775,4181042,Sinikiwe High,N,3,73,27,37,64.2,34,53,42,21,50
200200778,4181075,Sinovuyo High,N,3,35.4,17,48,33.3,19,57,34.3,23,67
200200280,4181043,Sithembiso High,N,3,50,10,20,41.7,10,24,40.5,15,37
200201002,4181076,Siyazakha Secondary,N,3,53.1,17,32,38.9,14,36,50,15,30
200200802,4181077,Solomon Mahlangu Senior,N,3,47.5,29,61,53.1,43,81,73.6,53,72
200201050,4181045,Sophathisana Senior,N,3,72.4,63,87,64.7,77,119,44,55,125
200200138,4182089,St Paul's College,N,,71.4,20,28,81.8,9,11,57.1,8,14
200200822,4181078,Stirling High,N,5,100,199,199,100,205,205,100,216,216
200200857,4181079,Tsholomnqa High,N,2,65.2,60,92,77.8,56,72,73.8,76,103
200200872,4181046,Ulwazi High,N,3,91.5,43,47,100,66,66,91.7,44,48
200200874,4181080,Umtiza High,N,3,55.2,58,105,67.3,70,104,50,52,104
200200876,4181081,Umzuvukile High,N,2,73.5,25,34,45.9,17,37,44.8,13,29
200201047,4181047,Unathi Secondary,N,3,85.3,81,95,73.5,72,98,78.6,66,84
200200881,4181082,Uviwe Senior Secondary,N,3,86.8,66,76,92.2,59,64,76.5,52,68
200200886,4183083,Vukuhambe,N,,100,6,6,75,6,8,75,6,8
200200887,4181048,Vulamazibuko High,N,3,70.9,78,110,73.8,62,84,48.1,52,108
200200898,4181049,Welcomewood Senior,N,2,34.8,8,23,53.1,17,32,15,3,20
200200901,4181050,Westbank Bank High,N,5,98.6,71,72,94.9,75,79,97.4,75,77
200200906,4181084,Wongalethu High,N,3,17.3,19,110,34.3,36,105,42.9,30,70
200200947,4181051,Zinzani Senior Secondary,N,3,69.2,27,39,57.7,30,52,50,20,40
200200963,4181087,Zweliyandila High,N,2,55.7,44,79,57.6,49,85,16.8,16,95
200100005,4201001,Aberdeen Senior Secondary,N,3,40,20,50,56.3,18,32,58.1,18,31
200100012,4171044,Adelaide Gymnasium,N,4,83,44,53,87.3,62,71,79.4,50,63
200100018,4201002,Aeroville Senior Secondary,N,3,68.6,48,70,55.6,50,90,67,61,91
200100024,4211001,Alexandria High,N,3,65.6,21,32,67.6,23,34,79.3,23,29
200200002,4171001,Am Tapa Senior Secondary,N,3,53.1,26,49,48.8,21,43,31.6,12,38
200200010,4171002,Amabhele High,N,3,86.7,13,15,53.3,16,30,43.5,10,23
200100030,4171045,Amajingqi Senior Secondary,N,3,44.1,15,34,54.1,20,37,53.6,15,28
200100041,4201003,Asherville Senior Secondary,N,3,60.8,48,79,42,42,100,61.8,42,68
200100105,4201004,Carel Du Toit High,N,3,11.5,3,26,3.2,1,31,42.1,8,19
200101024,4201005,Cookhouse Senior Secondary,N,3,20,6,30,50,12,24,63.2,12,19
200200106,4171003,Dalubuhle High,N,2,66.7,14,21,81.6,31,38,37.5,6,16
200200120,4171004,Dilizintaba Senior Secondary,N,2,33.3,8,24,37.5,12,32,5.3,1,19
200200150,4171005,Elukhanyisweni Senior,N,2,53.8,14,26,75.7,28,37,47.6,10,21
200200154,4171006,Emdeni Senior Secondary,N,3,30.8,12,39,37.5,18,48,28,14,50
200200164,4171007,Enkwenkwezini Senior,N,3,84.2,16,19,80,20,25,80,8,10
200100214,4171008,Eyabantu Senior Secondary,N,3,50,16,32,54.5,24,44,44.8,13,29
200200197,4171009,Gcato Senior Secondary,N,3,28.2,11,39,72.7,40,55,40.7,24,59
200100240,4201006,Gcinibuzwe Combined,N,3,77.8,7,9,33.3,5,15,35.3,6,17
200200202,4171011,George Mqalo High,N,3,47.4,9,19,65,13,20,28.6,6,21
200100250,4201007,Gill College,Y,5,100,44,44,100,48,48,100,50,50
200200209,4171010,Gobizembe High,N,3,73.3,11,15,53.1,17,32,59.5,25,42
200100270,4211004,Graeme College Boys High,N,5,97.4,74,76,97.8,45,46,100,59,59
200100296,4171012,Healdtown High,N,2,71.4,10,14,81.8,9,11,66.7,8,12
200100300,4211005,Hendrick Kanise Combined,N,3,80,8,10,83.3,10,12,92.3,12,13
200100311,4201008,Hoer Volkskool,N,5,100,51,51,98.3,57,58,100,42,42
200100314,4201009,Hoerskool Jansenville,N,3,97.1,33,34,100,27,27,96.2,25,26
200100612,4211006,Hoerskool P.J Olivier,N,5,86.7,26,30,88.2,30,34,95.8,23,24
200100375,4211007,Ikamvalesizwe Combined,N,3,56.8,21,37,85.7,18,21,23.8,10,42
200200269,4171013,Imingcangathelo High,N,3,60,27,45,67.7,44,65,75.6,34,45
200200272,4171014,Impey Siwisa High,N,3,0,0,2,0,0,4,25,1,4
200100338,4171015,Inyibiba High,N,3,57.4,35,61,73.3,22,30,48.4,31,64
200200282,4171016,J.M Ndindwa High,N,3,34.9,15,43,60.5,26,43,38.1,16,42
200200283,4171017,Jabavu Senior Secondary,N,3,51.9,69,133,64.4,47,73,32.1,45,140
200100359,4201010,Johnson Nqonqoza Senior,N,3,61.2,30,49,66.7,44,66,90.9,20,22
200200297,4171018,Josi-Marela High,N,2,48.4,15,31,40.9,18,44,38.9,14,36
200200302,4171019,Kama High School,N,3,88.6,31,35,52.7,29,55,,,
200100382,4211008,Khutliso Daniels Secondary,N,3,25.9,7,27,45.8,11,24,63.6,7,11
200100398,4201011,Klipplaat Senior Secondary,N,3,33.3,5,15,4.2,1,24,50,4,8
200200330,4171060,Kulile J.S.S.,N,2,58,29,50,30.4,14,46,16.1,9,56
200100419,4211009,Kuyasa Combined,N,3,74.5,38,51,71.9,41,57,81.6,40,49
200100455,4171021,Lindani Senior Secondary,N,3,47.1,24,51,37.3,19,51,15.4,8,52
200100462,4171046,Lonwabo High,N,3,44.1,15,34,33.3,11,33,32,8,25
200200377,4171020,Lukhozi High,N,3,58.3,7,12,44.7,17,38,50,21,42
200100493,4211010,Mary Water High,N,3,67.4,64,95,75.8,72,95,77.1,64,83
200100500,4171022,Masizakhe Senior Secondary,N,3,11.5,3,26,25.8,8,31,50,11,22
200200457,4171023,Mdibaniso Senior Secondary,N,2,46.2,18,39,45.2,19,42,32.4,11,34
200200479,4171024,Mhlambiso High School,N,3,61.1,11,18,52.9,9,17,,,
200200496,4171025,Mpambani Mzimba High,N,3,47.6,20,42,54.3,19,35,45.1,37,82
200200501,4171026,Mpumzi High,N,2,33.3,2,6,29.4,5,17,15.4,2,13
200100553,4211011,Nathaniel Nyaluza Secondary,Y,3,55,22,40,41,25,61,32,16,50
200200560,4171028,Ngangelizwe Senior,N,2,18.9,7,37,16,4,25,69.7,23,33
200100580,4211012,Nombulelo Secondary,N,3,64.7,75,116,39.1,84,215,64.7,75,116
200100582,4211013,Nompucuko Combined,Y,3,28.6,10,35,50,14,28,42.9,9,21
200100583,4211014,Nomzamo Secondary,N,3,83.3,50,60,61.7,37,60,67.3,35,52
200200642,4171029,Nozalisile Senior Secondary,N,3,68.8,11,16,66.7,12,18,47.6,10,21
200100592,4201012,Nqweba Senior Secondary,N,3,57.8,37,64,71.4,30,42,40.4,23,57
200200646,4171030,Ntabenkonyana Senior,Y,2,62.4,53,85,47.4,74,156,30.6,52,170
200100597,4211015,Ntsika Secondary,N,3,80.9,38,47,62.3,38,61,28.8,15,52
200200670,4171031,Nzululwazi High Scool,N,3,66.7,36,54,62.9,39,62,63.8,30,47
200100621,4201013,Pearston Senior Secondary,N,3,21.2,7,33,53.1,26,49,36.4,16,44
200200684,4171032,Phandulwazi Agricultural High,Y,3,88.7,47,53,89.8,44,49,76.6,49,64
200100632,4211016,Port Alfred High,N,5,96.8,61,63,94,47,50,96.6,57,59
200100651,4211017,Ribeeck East Public School,N,2,57.1,4,7,50,5,10,37.5,3,8
200100672,4171033,Sakhululeka High,N,3,63.2,55,87,53.2,50,94,57.7,41,71
200100691,4211022,Shaw Park Combined,N,2,42.9,3,7,18.2,2,11,12.5,1,8
200200782,4171034,Siseko High,N,2,69.6,39,56,62.5,30,48,58.1,25,43
200200790,4171035,Siyabonga Senior,N,3,50,9,18,77.4,24,31,33.3,8,24
200100722,4201014,Spandau Senior Secondary,N,3,64.1,100,156,92.9,79,85,77.9,74,95
200100767,4211018,T.E.M. Mrwetyana Senior,N,3,42.2,19,45,47.5,28,59,43.9,18,41
200200828,4171036,Tamsanqa High,N,2,23.3,7,30,40,10,25,16.7,5,30
200100771,4171047,Templeton High,N,4,84.2,32,38,77.5,31,40,83.3,30,36
200200843,4171037,Thobelani Senior Secondary,N,3,56.3,18,32,33.3,13,39,37,17,46
200100908,4171038,Thubalethu High,N,4,63.2,36,57,58.3,42,72,51,50,98
200200862,4171039,Tyali High,N,3,44.4,4,9,75,6,8,38.5,5,13
200100806,4211019,Ukhanyo Secondary,N,3,60.5,26,43,44.2,19,43,66.7,20,30
200100807,4201015,Union High,N,5,96.1,49,51,98.3,57,58,95.2,59,62
200100814,4211020,Velile Senior Secondary,N,3,70,21,30,65.2,30,46,51.5,17,33
200100820,4211021,Victoria Girls High,N,5,100,84,84,100,82,82,100,75,75
200200884,4171040,Vukani Senior Secondary,N,2,50,4,8,57.1,4,7,7.7,1,13
200100858,4201016,Willowmore Senior Secondary,N,3,57,57,100,80,60,75,78.1,57,73
200100862,4171041,Winterberg Agricultural High,N,5,100,37,37,92.3,48,52,95.8,23,24
200200928,4171042,Zanobuzwe Senior Secondary,N,3,36.8,7,19,13.6,3,22,8.3,2,24
200200960,4171043,Zwelimjongile Senior,N,2,90.9,10,11,62.5,10,16,75,9,12
200200001,4191001,A M Sityana High,N,2,59.5,25,42,54,27,50,56.9,33,58
200200005,4191002,Alfred Giba Senior Secondary,N,2,68.4,13,19,21.4,3,14,33.3,1,3
200200015,4191003,Amantinde Senior Secondary,N,3,68.2,15,22,55.6,15,27,22.9,8,35
200200017,4191078,Amazizi Senior Secondary,N,3,74,91,123,87.3,69,79,63.2,12,19
200200022,4191004,Archie Velile Senior,N,3,82.1,78,95,50,35,70,43.6,44,101
200200028,4191005,B Kat Senior Secondary,N,3,85,17,20,30,6,20,53.3,8,15
200200044,4191006,Bhisho High,Y,3,92.7,165,178,91.7,166,181,92.2,153,166
200200058,4191007,Breidbach Senior Secondary,N,3,75.5,80,106,66.2,86,130,63,97,154
200300040,4191079,Caba Senior Secondary,N,2,72.2,13,18,38.7,12,31,39.1,9,23
200600095,4191008,Cathcart High,N,4,100,51,51,98.1,51,52,100,52,52
200200103,4191009,Dale College Boys High,N,5,91.2,104,114,93.5,87,93,88.8,87,98
200200126,4191010,Dondashe Senior Secondary,N,2,26.3,10,38,44.4,12,27,48.1,13,27
200200983,4191011,Dumalisile Secondary,N,3,25,10,40,51.6,16,31,50,15,30
200200156,4191012,Emfundweni Senior,N,2,54.3,19,35,69.2,18,26,55.8,24,43
200200157,4191080,Emgwali Public,N,3,34.9,22,63,23.6,13,55,63,17,27
200200165,4191013,Enoch Sontonga Senior,Y,3,87.3,110,126,88.4,61,69,54.9,39,71
200200183,4191081,Forbes Grant Senior,N,3,23.9,22,92,64,57,89,61.8,42,68
200600208,4191014,Fundani High,Y,3,48.5,47,97,62.5,65,104,41,25,61
200200196,4191015,Gasela High,N,3,40.7,22,54,67.7,42,62,56.9,41,72
200200201,4191082,Geju High,N,2,48.1,13,27,85.7,12,14,87.5,14,16
200200226,4191016,Gushiphela Senior Secondary,N,2,60,9,15,86.7,13,15,88,22,25
200200233,4191017,H.H Majiza Senior Secondary,N,3,28.6,10,35,50,17,34,84,21,25
200200234,4191018,H.M Makinana Senior,N,2,100,6,6,87.5,7,8,66.7,4,6
200200240,4191019,Hector Peterson High,N,3,74.1,123,166,77.4,123,159,59.8,116,194
200200252,4191020,Hoerskool De Vos Malan,N,5,94.1,64,68,100,69,69,92.5,62,67
200200254,4191083,Hoho Senior Secondary,N,3,76.9,30,39,94.1,16,17,14.3,7,49
200200267,4191084,Imidushane Senior Secondary,N,3,40.9,18,44,48.8,20,41,30,12,40
200200270,4191021,Imiqhayi Senior Secondary,N,3,57.9,22,38,62.5,25,40,73.3,33,45
200200271,4191022,Imitshiza Senior Secondary,N,3,66.7,12,18,55,11,20,32,8,25
200201016,4191114,Iqonce High,N,3,57.1,28,49,37.9,11,29,42.9,12,28
200200763,4191023,Isihoboti Public Combined,N,3,92.3,12,13,67.9,19,28,20,6,30
200200285,4191085,Jali High,N,2,72.4,21,29,44.4,24,54,32.7,18,55
200200286,4191024,Jama Senior Secondary,N,3,30.4,7,23,41.7,5,12,42.1,8,19
200200290,4191025,Jim Mvabaza Senior,N,2,45.5,10,22,48.3,14,29,58.3,21,36
200200295,4191026,Jongile Nompondo Public,N,3,73.9,82,111,60.2,133,221,69.2,92,133
200200299,4191108,July Senior Secondary,N,2,81,17,21,35.3,6,17,16.7,3,18
200200303,4191086,Kanana Senior Secondary,N,2,53.8,14,26,66.7,22,33,10.5,2,19
200200306,4191027,Kaulela Senior Secondary,N,2,70,14,20,57.1,20,35,39.3,11,28
200200308,4191028,Kei Road Combined,N,3,25,5,20,14.3,2,14,15.9,7,44
200200300,4191029,Kingsridge High,N,5,100,92,92,100,90,90,97.8,87,89
200200322,4191030,Knight Marambana Comm.,N,3,19,8,42,57.1,8,14,44.1,15,34
200200328,4191087,Kubusie Combines,N,3,54.8,34,62,74,54,73,59,46,78
200200334,4191088,Kuyasa Senior Secondary,N,3,64.2,43,67,56.1,69,123,75.6,34,45
200200341,4191032,Kwelerana Senior Secondary,N,3,0,0,14,50,4,8,50,5,10
200200345,4191033,Kwezilentaba Senior,N,3,76.9,10,13,10,1,10,36.4,4,11
200200352,4191034,Langaliphumile,N,2,60,3,5,66.7,10,15,50,7,14
200200360,4191035,Lingani Senior Secondary,N,3,29.2,7,24,52.6,10,19,38.7,12,31
200200361,4191089,Lingelethu High,N,2,71.4,10,14,66.7,20,30,47.1,8,17
200200387,4191036,Luxolo Hugh,N,2,57.7,15,26,50,12,24,17.6,3,17
200200978,4191090,Madiba High,N,2,23.1,3,13,63.2,12,19,10.5,2,19
200200418,4191037,Marheledwane High,N,2,28.6,2,7,11.1,1,9,38.5,5,13
200200424,4191038,Masibonisane Senior,N,2,27.1,13,48,31.3,20,64,40.7,22,54
200201011,4191127,Masihlangane Senior,N,3,36.6,15,41,35.6,16,45,32.3,10,31
200200429,4191039,Masimanyane Senior,N,3,68.8,22,32,51.2,21,41,47.6,20,42
200200440,4191040,Matomela Senoir Secondary,Y,3,63,34,54,79.5,35,44,43.3,26,60
200200441,4191107,Matsa Senior Secondary,N,3,54.2,26,48,53.6,15,28,58.3,14,24
200200451,4191041,Mbulelo Benekane H.S Senior,N,3,92.5,62,67,76.1,51,67,77.8,49,63
200200473,4191042,Mgcawezulu Senior,N,3,54.5,30,55,54.3,19,35,30.4,17,56
200200500,4191091,Mpumelelo Senior Secondary,N,3,69.2,18,26,100,26,26,45.5,5,11
200200510,4191043,Mthwaku Senior Secondary,N,2,76.9,20,26,73.9,17,23,42.1,8,19
200200511,4191092,Mtombe Senior Secondary,N,2,70,7,10,50,4,8,40,4,10
200200530,4191093,Mzomtsha High,N,3,22.2,4,18,66.7,16,24,33.3,11,33
200200532,4191094,Mzontsundu Senior,N,3,44.2,19,43,50,23,46,48.9,23,47
200200534,4191044,Mzuxolile High,N,3,25,3,12,54.5,6,11,13.3,2,15
200200537,4191045,Nangamso Senior Secondary,N,2,37.9,11,29,38.1,8,21,66.7,10,15
200200539,4191095,Nathaniel Pamla High,N,3,77.4,89,115,87.5,63,72,69.3,52,75
200200542,4191046,Ncedolwethu Senior,N,2,63.3,38,60,74.6,44,59,87.8,36,41
200200422,4191112,Ndema Senior Secondary,N,2,37.5,6,16,57.9,11,19,23.5,4,17
200200582,4191049,Njongozabantu Senior,N,2,84.2,16,19,62.5,20,32,76.2,16,21
200200609,4191050,Nompendulo High,N,3,58.5,31,53,61.3,38,62,59,23,39
200200617,4191051,Nonceba Senior Secondary,N,3,67.3,33,49,44.2,19,43,67.6,25,37
200200635,4191052,Nosizwe High,N,3,50.7,36,71,64.6,42,65,46.2,36,78
200200647,4191053,Ntabakandoda High,N,3,21.4,3,14,46.7,7,15,8.7,2,23
200200682,4191054,Phakamisani Senior,N,2,77.8,7,9,22.2,2,9,40,4,10
200200690,4191097,Phillip Mtywaku Sen,N,3,67.7,21,31,71.8,28,39,48.8,20,41
200200715,4191098,Qhayiya Senior Secondary,N,2,80.8,21,26,93.3,14,15,82.4,14,17
200200725,4191056,Rabula Senior Secondary,N,3,0,0,12,73.3,11,15,41.2,7,17
200200729,4191099,Reshwa Senior Secondary,N,3,35.7,5,14,0,0,6,84.6,11,13
200200730,4191100,Richard Varha High,Y,3,86.4,108,125,89.9,116,129,73.2,112,153
200200770,4191057,Simzamile Senior Secondary,N,3,52.2,24,46,58.8,30,51,26.3,10,38
200200789,4191058,Siyababalwa Senior,N,3,37,10,27,55.3,21,38,22.9,8,35
200200791,4191059,Siyakhula Public,N,3,45.5,25,55,29.9,26,87,29.8,37,124
200200797,4191060,Siyazama Senior Secondary,N,3,78.9,15,19,48.1,13,27,66.7,20,30
200200970,4191101,Sizingisile Senior Secondary,N,2,43.3,13,30,53.8,21,39,42.4,14,33
200200800,4191102,Sobantu Senior Secondary,N,2,74.4,29,39,71.4,35,49,85.2,23,27
200200810,4191061,Sotinini Senior Secondary,N,2,63.2,12,19,28.6,4,14,57.1,8,14
200200977,4191062,St Charles Sojola High,N,3,75,15,20,51.2,22,43,62.5,30,48
200201045,4192063,St Christophers Private,N,,85.7,42,49,86.9,53,61,77.6,45,58
200200816,4191064,St Matthews High,N,2,66,64,97,89.6,95,106,94.7,72,76
400200819,4193096,St. Thomas For The Deaf,N,,8.3,1,12,,,,,,
200601179,4192113,St. Thomas Private,N,,94.3,33,35,82.9,29,35,90.9,30,33
200200824,4191065,Stuttereim High,N,4,95.7,45,47,96,48,50,97.2,35,36
200200837,4191066,Thembalabantu High,N,3,63,75,119,71.9,92,128,59.8,79,132
200200838,4191103,Thembalesizwe Sen,N,3,53.8,14,26,38.2,13,34,76.7,23,30
200200831,4191111,Thembelani High,N,3,23.5,4,17,23.7,9,38,21.2,7,33
200200848,4191067,Toise Senior Secondary,Y,3,71.2,52,73,69.4,84,121,66.7,64,96
200200871,4191106,Ulana Senior Secondary,N,3,25,4,16,20,5,25,50,8,16
200200596,4191105,Victoria Mxenge High,N,3,61.3,19,31,52.6,10,19,57.1,8,14
200200885,4191068,Vukile Tshwete Senior,N,2,48.6,17,35,67.6,25,37,90.5,19,21
200201051,4191131,West Bank Sen Sec School,N,4,67.6,23,34,40,16,40,40,6,15
200900211,4191069,Xolani Senior Secondary,N,,96.3,79,82,76.5,62,81,84.1,58,69
200200913,4191070,Z .K Matthews Senior,N,3,22.7,20,88,43,49,114,16.8,24,143
200200924,4191071,Zanemfundo Senior Senior,N,2,9.1,4,44,56,14,25,66.7,18,27
200200925,4191072,Zanempucuko Senior,N,3,66.1,84,127,64.3,74,115,51.4,54,105
200200932,4191073,Zanovuyo Senior Secondary,N,2,43.8,21,48,48.8,20,41,30,18,60
200200946,4191074,Zimlindile High,N,2,33.3,1,3,36.4,4,11,62.5,5,8
200200951,4191075,Zukhanye Senior Secondary,N,3,80,36,45,60.9,39,64,28.8,17,59
200200956,4191076,Zwelamandlovu Senior,N,3,10,2,20,55.6,10,18,17.6,3,17
200300708,4191077,Zwelivumile Senior Secondary,N,2,76.5,65,85,85.1,80,94,91.9,57,62
200600082,4081001,Cacadu Senior Secondary,N,2,45.5,20,44,65.1,28,43,80.6,29,36
200600139,4081002,Dordrecht High,N,4,100,30,30,100,35,35,96.6,28,29
200600155,4081003,Echibini Senior Secondary,N,3,26.8,15,56,49.2,30,61,15.9,11,69
200600204,4081004,Freemantle Senior Secondary,N,2,76.8,76,99,92,81,88,92.1,58,63
200600211,4081005,Gcinubuzwe Senior,N,1,59.7,40,67,60.3,35,58,77.4,41,53
200600282,4081006,Ida High,N,2,85.7,24,28,44.9,22,49,59.6,28,47
200600286,4081007,Ikhwezi Lokusa Senior,N,1,57.9,11,19,76.9,20,26,19,4,21
200600296,4081008,Indwe High,Y,4,85,34,40,85.7,30,35,92.2,47,51
200600353,4081009,Kwa-Mhlontlo Senior,N,1,30.2,16,53,33.1,41,124,32.8,21,64
200600394,4081010,Lukhanyo High,N,2,66.7,24,36,62,31,50,36.1,44,122
200600447,4081011,Masikhanyise High,N,3,79.4,81,102,93.2,68,73,48.4,60,124
200600470,4081012,Mceula Senior Secondary,N,3,32.1,25,78,82.7,43,52,65.7,65,99
200601142,4081013,Mount Arthur Senior,Y,2,68.9,51,74,85.9,61,71,74.6,44,59
200600528,4081014,Mtirara Senior Secondary,N,1,50,42,84,49.4,40,81,68.8,44,64
200601146,4081015,Mzamo Senor Secondary,N,1,83.3,25,30,100,33,33,66.7,18,27
200600614,4081016,Nonkqubela Senior Secondary,N,2,18.2,8,44,40.5,15,37,27.6,8,29
200600642,4081017,Ntsokotha Senior Secondary,N,2,82.9,136,164,82.3,135,164,89.9,80,89
200600651,4081018,Nzimankulu Senior Secondary,N,1,62.6,57,91,62.4,63,101,91.5,54,59
200601029,4081019,Pakamani Senior Secondary,N,3,88.5,23,26,45.9,17,37,68.4,13,19
200600673,4081020,Pumlani Senior Secondary,N,1,75.3,58,77,61.4,43,70,71.8,61,85
200600777,4081021,Sosebenza Senior Secondary,N,2,56.3,18,32,48.1,26,54,63.4,26,41
200600816,4081022,Tambekile Senior Secondary,N,2,72.5,37,51,50.9,27,53,77.1,37,48
200600840,4081023,Thozamisa Senior Secondary,N,2,46.4,13,28,81.8,18,22,48,12,25
200501424,4121028,Ben Mali Senior Secondary,N,1,74.5,41,55,45.2,66,146,48.2,41,85
200400032,4121001,Bhekizulu Senior Secondary,N,3,61.4,51,83,71.3,57,80,57,69,121
200401325,4121002,Chief Henry Bokleni Senior,N,2,60,78,130,25.3,59,233,,,
200400079,4121003,Cibeni Senior Secondary,N,1,91.3,167,183,94.2,130,138,82.7,91,110
200400096,4121004,D.Z Dumezweni Senior,N,1,50.4,57,113,55.1,65,118,32.2,48,149
200401247,4121005,Dalibunga Comprehensive,N,1,25.5,13,51,35.4,23,65,25,16,64
200401249,4121006,Dimanda Senior Secondary,N,2,51.1,70,137,62.5,90,144,84.3,75,89
200400199,4121007,Gcinumthetho Senior,N,1,26.8,48,179,34.8,46,132,,,
200400211,4121008,Gobinamba Tech Comm.,N,2,67.9,106,156,47.7,71,149,13.8,22,159
200400253,4121009,Gxaba Senior Secondary,N,1,86.4,76,88,81.1,120,148,61.7,66,107
200500481,4121029,Lutshaya Senior Secondary,N,1,64.5,98,152,35.9,85,237,,,
200401259,4121010,Mabalengwe Senior,N,1,25.8,16,62,30.4,21,69,50.9,27,53
200401183,4121043,Mabhulana Ndamase High,N,,3.3,2,61,,,,,,
200400457,4121011,Majali Technical High,N,1,69,40,58,45.8,38,83,81.4,48,59
200500542,4121030,Makukhanye Senior,N,1,92.6,63,68,77.1,84,109,76,76,100
200400479,4121038,Mangala Senior Secondary,N,3,52.5,31,59,61.7,50,81,0,0,56
200400596,4121012,Mhlanganisweni Comm & Tech,N,1,45.5,35,77,39.5,34,86,,,
200400676,4121039,Mtweni Senior Secondary,N,2,75.7,87,115,31.4,44,140,95.8,69,72
200400716,4121040,Ndamase Senior Secondary,N,2,53.8,120,223,57,188,330,55.7,127,228
200400756,4121041,Ngqeleni Senior Secondary,N,2,13.9,10,72,50.4,70,139,46.2,30,65
200400775,4121013,Ngubezulu Senior Secondary,N,2,86.3,120,139,100,118,118,76.6,111,145
200401238,4121014,Nogemane Senior Secondary,N,1,13.2,22,167,25.2,33,131,,,
200500957,4121015,Ntafufu Senior Secondary,N,1,94.1,96,102,87.9,87,99,97.4,111,114
200401329,4121042,Ntshilini Senior Secondary,N,1,39.8,41,103,53.6,60,112,26.3,31,118
200400895,4121016,Nyangilizwe Senior Secondary,N,3,60.4,93,154,76.7,92,120,62.7,69,110
200400908,4121017,Pangelele Senior Secondary,N,1,85.5,148,173,45.1,78,173,58.8,107,182
200400918,4121018,Pondolwendlovu Senior,N,1,52.6,30,57,36.1,22,61,,,
200400926,4121019,Port St Johns Senior,N,3,91.3,116,127,63,87,138,60.7,68,112
200501465,4122043,Riverside Senior Secondary,N,,46.5,40,86,46.6,54,116,46.9,91,194
200400977,4121020,Sandi Senior Secondary,N,1,100,95,95,96.8,153,158,78.6,88,112
200400989,4121021,Sehushe Comm,N,2,76.1,51,67,60.4,93,154,72.7,56,77
200401017,4121022,Smuts Ndamase Senior,N,1,100,9,9,87,187,215,,,
200501135,4121031,Sobaba High,N,1,13.6,6,44,16.7,10,60,7.9,3,38
200401032,4121023,St Patricks Senior Secondary,N,3,100,149,149,98.9,184,186,96,72,75
200501217,4121032,Toli Senior Secondary,N,1,97.3,286,294,91,332,365,91.5,248,271
200401076,4121024,Tutor Ndamase Senior,N,2,73.1,147,201,78.4,156,199,84.5,109,129
200401092,4121025,Upper Corana Senior,N,3,24.2,40,165,67.4,64,95,38.6,54,140
200401113,4121033,Vakele Technical Senior,Y,1,62,49,79,33.8,24,71,31.3,20,64
200401115,4121026,Victor Poto Senior Secondary,N,1,47.2,42,89,32.9,28,85,,,
200401130,4121034,Vulindlela Senior Secondary,N,1,54.9,78,142,53.2,67,126,63.4,59,93
200401139,4121035,Waban Senior Secondary,N,1,74.4,29,39,68.2,45,66,76,38,50
200401148,4121036,Xhentse Senior Secondary,N,1,83.7,36,43,82.4,28,34,80.8,21,26
200401302,4121037,Zanokhanyo Senior,N,2,16.9,12,71,18.3,13,71,9.3,8,86
200500046,4041001,Bodweni Senior Secondary,N,1,52.2,24,46,23.3,17,73,48.8,21,43
200500057,4041002,Botha Sgcau Senior,N,1,35.3,47,133,79.1,34,43,43.6,41,94
200500233,4041028,Flagstaff Compehensive,N,3,78.1,50,64,49.5,45,91,51.1,67,131
200501373,4041003,Gwebindlala Senior,N,1,29.2,7,24,24.1,7,29,14.3,3,21
200500293,4041004,Hillbrow Senior Secondary,N,3,43.7,94,215,60.6,86,142,67.1,57,85
200500333,4041005,Jiba Senior Secondary,N,1,30,3,10,57.1,12,21,52.4,11,21
200500334,4041030,Jikindaba Senior Secondary,N,1,58.7,74,126,60.2,68,113,52,77,148
200500395,4041031,Langa Senior Secondary,N,3,87.3,96,110,93.5,101,108,94.8,91,96
200501593,4041055,Lusikisiki Christian School,N,,25,2,8,,,,,,
200500605,4041006,Mayibenye Senior Secondary,N,1,69.2,108,156,63.2,43,68,39.2,47,120
200500646,4041007,Mdutshane Senior Secondary,N,1,42.2,27,64,37.9,25,66,31.1,14,45
200500653,4041032,Meyisi Senior Secondary,N,1,39.1,50,128,55.4,56,101,58.7,54,92
200500659,4041008,Mfundisweni Senior,N,1,78.6,81,103,66.3,57,86,87.5,49,56
200500664,4041009,Mgezwa Senior Secondary,Y,2,67,142,212,85.1,154,181,85.6,154,180
200501427,4041033,Mpingana Senior Secondary,N,1,45.5,15,33,22.1,15,68,4.7,4,86
200500776,4041011,Mqikela Senior Senior,N,2,80.6,83,103,60.9,92,151,56.4,79,140
200500854,4041034,Ndaliso Senior Secondary,N,1,71,171,241,56.1,185,330,69.8,185,265
200501006,4041014,Palmerton High,Y,2,68,70,103,65.8,131,199,61.8,123,199
200501017,4041015,Phambili Senior Secondary,N,1,63.3,62,98,68.4,39,57,45.9,50,109
200501079,4041016,Sangoni Senior Secondary,N,2,72.3,86,119,61,125,205,69.5,116,167
200501127,4041017,Siwali Senior Secondary,N,1,71,49,69,70.8,75,106,96.6,56,58
200501285,4041019,Vulindlela Senior Secondary,N,1,51.2,44,86,54.5,30,55,60,45,75
200501290,4041035,Walter Cingo Senior,N,1,66.7,52,78,68.5,61,89,75.4,49,65
200501342,4041022,Zwelibongile Senior,N,1,54,67,124,53.6,89,166,46.1,77,167
200501564,4032025,Advent Comprehensive,N,,68.1,32,47,73.8,62,84,82.5,33,40
200501571,4031026,Bergview College,N,,91.5,43,47,93.9,31,33,81.5,22,27
200501574,4031025,Cedarville Public,N,2,57.9,33,57,60,33,55,71.7,38,53
200501589,4032001,Focused High,N,,79.3,23,29,73,27,37,95,38,40
200500302,4031002,Hlangwini Senior Secondary,N,1,32.7,18,55,48.4,31,64,34.5,20,58
200501580,4031003,Khanya-Naledi Combined,N,2,37.9,50,132,55.2,64,116,61.7,37,60
200501581,4031004,King Edward High,N,4,100,41,41,97.6,41,42,95.1,39,41
200500449,4031005,Ludidi Senior Secondary,N,1,64.3,27,42,76.5,26,34,86.4,38,44
200500470,4031007,Lupindo Senior Secondary,N,2,68,34,50,59.1,26,44,53.6,15,28
200500512,4031006,Magadla Senior Secondary,N,2,69.2,36,52,74.2,46,62,59,49,83
200500551,4031008,Maluti Senior Secondary,N,3,87.7,100,114,75.4,98,130,88,66,75
200500582,4031009,Mariazell Senior Secondary,Y,1,70.8,92,130,94.3,116,123,86.7,91,105
200500725,4031010,Mnukwa Senior Secondary,N,1,12.2,6,49,44.4,16,36,52.6,20,38
200500732,4031011,Moiketsi Graves Senior,N,1,69.5,57,82,72.5,79,109,89.9,62,69
200500734,4031012,Mokheseng Senior Secondary,N,1,25,8,32,38.1,16,42,41.2,14,34
200500741,4031013,Mosa Sibi Senior Secondary,N,3,65.1,71,109,70.2,66,94,76.2,77,101
200500744,4031014,Moshesh Senior Secondary,N,1,8.8,9,102,18.6,11,59,40,14,35
200500748,4031015,Mount Hargreaves Senior,N,2,82.6,57,69,79.2,80,101,74.8,77,103
200500758,4031016,Mphatlalatsane Senior,N,2,29.2,14,48,60,21,35,65.2,15,23
200500810,4031017,Mvenyane Senior Secondary,N,2,74.4,99,133,81,94,116,79,143,181
200500990,4031018,Nyaniso Senior Secondary,N,1,86,37,43,100,23,23,87.1,27,31
200501431,4031019,Phumelele Commercial &,N,2,39.4,13,33,42.9,12,28,85.7,6,7
200501057,4031020,Ralebitso Senior Secondary,N,1,50,14,28,40,10,25,50,12,24
200501091,4031021,Sibi Senior Secondary,Y,2,65.2,43,66,75.8,50,66,71.4,65,91
200501159,4031022,St Margaret Senior Secondary,N,2,58.7,27,46,65.1,41,63,65.5,55,84
200501569,4032002,St Monica's Diocesan School,N,,94.3,33,35,,,,,,
200501203,4031023,Tholang Senior Secondary,Y,3,66.8,139,208,84.2,133,158,67.8,137,202
200501321,4031024,Zibi Meyer Senior Secondary,N,2,71.4,25,35,70,14,20,56.7,17,30
200500013,4051001,Baleni Senior Secondary,N,1,71.9,87,121,61.1,77,126,88,81,92
200500041,4051002,Bizana Senior Secondary,Y,3,62.5,260,416,66.1,292,442,76.4,162,212
200501456,4051003,Cangci Comprehensive,Y,1,41.4,46,111,44.4,59,133,42.2,92,218
200501404,4051004,Chief Dumile Senior,N,1,96.6,84,87,56.2,77,137,76.3,119,156
200500138,4051026,Dudumeni High School,N,1,91.9,34,37,50,33,66,33.3,16,48
200500150,4051030,Dumsi Comprehensive High,N,,61.7,29,47,,,,,,
200500270,4051006,Greenville Senior Secondary,N,1,48.4,46,95,57.4,66,115,41,34,83
200500300,4051007,Hlamandana Senior,N,2,71.9,82,114,67.3,70,104,54.5,55,101
200501410,4051008,Madikizela Senior Secondary,N,1,46.6,27,58,60.6,20,33,34.7,41,118
200500580,4051009,Marelane Senior Secondary,N,1,81.9,131,160,75.9,145,191,84.5,180,213
200500583,4051027,Marina Comprehensiive High,N,1,67,69,103,73.3,55,75,69.4,34,49
200500639,4051010,Mdatya Senior Secondary,N,1,60.3,35,58,74.5,41,55,41.8,33,79
200500672,4051029,Mhlabi C.H. School,N,1,75,27,36,58.5,31,53,51.5,17,33
200500764,4051011,Mpondombini Senior,N,2,96.3,79,82,96.1,73,76,100,66,66
200500824,4051028,Mzamba Comprehensive High,N,2,69.3,70,101,90.6,48,53,79.5,31,39
200500871,4051012,Ngalonkulu Senior Secondary,N,1,40.8,31,76,42.2,38,90,20.6,32,155
200501457,4051013,Nomagqwathekana Comp.,N,1,57.1,56,98,64.5,78,121,55.4,62,112
200500935,4051014,Nongeke Senior Secondary,N,1,73.2,142,194,66.1,148,224,70,149,213
200500954,4051015,Ntabezulu Senior Secondary,N,1,49.6,113,228,52.5,116,221,54.4,80,147
200500985,4051016,Ntukayi Senior Secondary,N,1,27.7,38,137,41.1,51,124,52.2,71,136
200500998,4051017,Oliver Tambo Tech,N,1,55.9,57,102,37.3,57,153,34.9,37,106
200501090,4051018,Shukuma Senior Secondary,N,1,41.9,75,179,48.6,88,181,64.7,97,150
200501123,4051019,Sithukuthezi Senior,N,1,62.4,53,85,86.4,51,59,65.5,36,55
200501195,4051020,Thembalesizwe Com.Tech,N,1,75.5,37,49,38.8,33,85,28.1,18,64
200501278,4051021,Vukayibambe Senior,N,1,39.2,31,79,64.9,37,57,57.1,40,70
200501280,4053025,Vukuzenzele Special,N,,100,3,3,66.7,4,6,100,5,5
200501282,4051022,Vulindlela Comp.Tech,N,3,50.4,66,131,43.7,45,103,54.1,53,98
200501293,4051023,Winnie Mandela Comptech,N,1,41.3,31,75,35.3,41,116,42.5,48,113
200501311,4053024,Zamokuhle Special School,N,,100,6,6,100,11,11,,,
200500027,4011001,Bethania Senior Secondary,N,1,35,7,20,76.2,32,42,91.7,11,12
200401280,4011002,Dinizulu Senior Secondary,N,2,51.2,22,43,39.1,18,46,25,8,32
200501208,4011003,Edward Zibi Senior Secondary,N,1,14.5,8,55,48.5,16,33,59.4,19,32
200400282,4011004,Jamangile Senior Secondary,N,2,75.4,43,57,79.4,27,34,65.9,29,44
200501361,4011005,Khanya Senior Secondary,N,1,87,40,46,59.1,68,115,36.5,31,85
200500359,4011006,Khorong Senior Secondary,N,1,46.6,34,73,37.2,35,94,46.3,25,54
200400338,4011007,Kuyasa Senior Secondary,N,1,61.1,11,18,43.5,30,69,15.2,7,46
200501358,4011008,Lehana Senior Secondary,Y,1,69.1,217,314,73.8,211,286,74.7,174,233
200500487,4011009,Luzie Drift Senior Secondary,N,1,63.2,91,144,76.4,84,110,74.3,84,113
200400434,4011010,Maclear High,N,4,100,21,21,91.3,21,23,96.6,28,29
200501371,4011011,Mhlontlo Senior Secondary,N,1,73.3,44,60,79.5,31,39,83.9,26,31
200501058,4011012,Ramafole Senior Secondary,N,2,71.4,85,119,42.9,60,140,52.3,69,132
200400976,4011013,Samuel Nombewu Senior,N,2,20,8,40,9.8,4,41,30,6,20
200400993,4011020,Sibabale Senior Secondary,Y,3,70.6,48,68,67.2,41,61,56.3,18,32
200501098,4011014,Sidinane Senior Secondary,N,2,79.8,130,163,69.7,140,201,83.7,123,147
200401023,4011021,Sophonia Senior Secondary,N,1,29.4,5,17,42.3,11,26,84.6,11,13
200501194,4011015,Thakabanna Senior,N,1,47.6,39,82,83.7,36,43,78.6,33,42
200401052,4011016,Thomas Ntaba Senior,N,2,79.7,94,118,85.3,81,95,87.9,94,107
200501388,4011017,Tsitsana Comp. Senior,N,3,58.8,20,34,76.9,20,26,75,12,16
200401085,4011018,Ugie High,N,4,95.7,66,69,100,56,56,100,59,59
200401361,4011019,Umthawelanga Senior,N,3,39,30,77,79.7,59,74,61.1,44,72
200500005,4021001,Arthur Ngunga Senior,N,2,61.1,58,95,70.3,64,91,44.7,72,161
200500060,4021002,Brooksnek Senior Secondary,N,2,42.9,18,42,35.7,10,28,22.4,11,49
200500098,4021004,Colana Senior Secondary,N,1,42.9,48,112,69.4,68,98,28.8,30,104
200500113,4021005,Daluhlanga Senior Secondary,N,2,55.3,42,76,73.8,45,61,60,48,80
200500119,4021006,Dangwana Senior Secondary,N,2,57.3,98,171,51.7,62,120,42.9,57,133
200500313,4021007,Huku Senior Secondary,N,1,56.3,63,112,56.7,68,120,62.5,70,112
200500338,4021008,Jojo Senior Secondary,N,2,67.5,56,83,59.3,35,59,29.3,12,41
200501458,4021009,Lindelani Senior Secondary,N,3,88.2,82,93,77.2,61,79,66.7,60,90
200500438,4021010,Loyiso Sinor Secondary,N,1,62.5,30,48,46.5,20,43,50,22,44
200500479,4021024,Lutateni Senior Secondary,N,1,66.7,14,21,84,21,25,76.2,16,21
200500534,4021012,Makaula Senior Secondary,N,2,61.7,132,214,71.2,121,170,65.7,88,134
200501408,4021013,Manzamnyama Senior,N,1,78.6,33,42,75,15,20,44.7,17,38
200500784,4021014,Mount Ayliff Senior Secondary,N,1,35.2,51,145,50.7,105,207,41.7,100,240
200404016,4022017,Mount Frere Community,N,,66.7,2,3,,,,,,
200500787,4021015,Mount Frere Senior,Y,3,56.8,92,162,61.3,119,194,49.3,99,201
200501419,4021025,Mt White Senior Secondary,N,1,46.4,26,56,98.1,52,53,66,31,47
200500897,4021017,Ngwekazi Senior Secondary,N,2,49.4,42,85,36.5,35,96,46.7,35,75
200500984,4021027,Ntsizwa Senior Secondary,N,1,14.5,10,69,34.6,27,78,11.2,10,89
200501459,4021018,Nzululwazi Senior Secondary,N,2,46.4,39,84,53.8,35,65,80.5,33,41
200501001,4021019,Osborn Senior Secondary,N,2,37,40,108,49.4,39,79,45.5,25,55
200501070,4021026,Rode Senior Secondary,N,2,79.7,47,59,76.6,72,94,81.3,39,48
200501082,4021020,Sapukanduku Senior,N,2,33.8,25,74,32.7,32,98,19,16,84
200501087,4021021,Senyukele Senior Secondary,N,2,65.9,116,176,59.4,107,180,60.5,118,195
200501143,4021022,Sonqishe Senior Secondary,N,1,56.4,22,39,43.5,30,69,59.6,34,57
200501160,4021028,St Marks Senior Secondary,N,,20,4,20,,,,,,
200501322,4021023,Zibokwana Senior Secondary,N,2,65.7,136,207,62.9,127,202,64,110,172
0,4021038,Zinyosini Senior Secondary,N,1,53.1,43,81,,,,,,
0,4021039,Zwelakhe Senior Secondary,N,2,91.7,121,132,,,,,,
0,4022040,Zwelitsha Senior Secondary,N,1,62,44,71,,,,,,
200404017,4101001,A.V Platjie Senior Secondary,N,3,70,28,40,61.5,24,39,86.4,19,22
200401228,4101002,Attwell Madala High,N,4,72.6,85,117,66.3,124,187,58.8,87,148
200400015,4101003,Bambilanga Senior Secondary,N,1,96.8,30,31,91.3,21,23,64.7,33,51
200400024,4101004,Bazindlovu Senior Secondary,N,2,36.2,17,47,18.5,12,65,35.3,12,34
200400077,4101005,Chief N.Z Mtirara Sen.,N,3,83.6,51,61,45,50,111,47.1,32,68
200404018,4102006,Christ The King Int,N,,35.2,45,128,31.6,43,136,33.3,15,45
200400102,4101007,Dalibaso Senior Secondary,N,2,60.5,124,205,64.6,126,195,69.7,85,122
200400106,4101008,Dalindyebo Senior Secondary,Y,1,76.2,157,206,77.7,213,274,88.6,210,237
200400110,4101009,Dalukhanyo Senior Secondary,N,3,50,16,32,56.4,22,39,60.7,17,28
200400136,4101010,Dudumayo Senior Secondary,N,1,63.3,112,177,73.1,114,156,80.6,104,129
200400144,4101011,E.N Seku Senior Secondary,N,1,61.4,27,44,59.2,29,49,79.2,19,24
200401369,4101012,Efata For The Blind &Deaf,N,,33.3,2,6,100,5,5,100,3,3
200401283,4101013,Excelsior Senior Secondary,N,4,80.4,41,51,86.9,93,107,79.2,76,96
200400200,4101014,Gengqe Senior Secondary,N,2,4.5,1,22,47.1,8,17,34.3,12,35
200400264,4101015,Hlabatshane Senior,N,1,50.6,45,89,66.2,51,77,63.8,44,69
200401311,4101016,Holomisa Senior Secondary,N,3,80.6,54,67,73.9,51,69,50.6,41,81
200400272,4101017,Holy Cross Senior Secondary,Y,3,91.7,176,192,91.5,184,201,88.5,146,165
200401415,4102018,Holycross Education Centre,N,,92.8,90,97,93.6,103,110,89,113,127
200401387,4101019,Ikwezi Technical Skill Centre,N,4,78.2,61,78,51.3,80,156,64.7,75,116
200400300,4101020,Jongintaba Senior Secondary,N,1,68.3,28,41,78,32,41,69.7,23,33
200401333,4101021,Joyi Senior Secondary,N,2,54.1,46,85,57.7,41,71,54.6,53,97
200401269,4101022,Jumba Senior Secondary,N,3,75.3,64,85,63.6,49,77,44.3,31,70
200401303,4102024,Khanyisa High,N,,94.8,272,287,94.2,338,359,91.1,277,304
200401390,4102025,Kings Commercial College,N,,77.8,42,54,95.4,104,109,93.4,85,91
200400336,4101026,Kulanathi Senior Secondary,N,3,35,21,60,47.7,41,86,53.4,39,73
200401300,4101027,Kwanobuhle Senior,N,1,36.1,22,61,46.8,29,62,45.8,27,59
200400357,4101028,Leslie Nkala Senior,N,3,40.4,23,57,31.9,30,94,24.4,19,78
200400419,4101029,Lutubeni Senior Secondary,N,1,66.1,72,109,58,83,143,32.6,29,89
404028,4101063,Manzolwandle Sandile Sen,N,3,39.5,17,43,36.7,11,30,30,18,60
200400569,4101030,Mditshwa Senior Secondary,N,3,18.4,9,49,18.5,10,54,16.7,13,78
200400576,4101031,Menziwa Senior Secondary,N,1,24.6,14,57,15.9,10,63,21.9,14,64
200400602,4101032,Milton Dalasile Senior,N,1,19.4,14,72,42.7,35,82,43.8,42,96
200400603,4101033,Milton Mbekela Senior,N,2,68.7,92,134,64.4,125,194,45.4,79,174
200401401,4102034,Morning Star Education Centre,N,,50,4,8,78.6,44,56,72.5,29,40
200400642,4101035,Mpeko Senior Secondary,N,3,75.9,41,54,71,71,100,64.7,44,68
200401306,4101036,Mpindweni Senior Secondary,N,3,91.1,51,56,67.5,27,40,62.2,23,37
200601166,4102048,Mthatha College Of Maths,N,,45.3,29,64,53.2,50,94,88.2,67,76
200401343,4101037,Ngangelizwe Senior,N,3,52.9,46,87,53.8,63,117,69.2,63,91
200401335,4101038,Ngwayibanjwa Senior,N,3,54.8,91,166,54.6,106,194,67.8,80,118
200401294,4101039,Nozuko Senior Secondary,Y,1,88.4,84,95,65.5,180,275,76.9,30,39
200400495,4101059,Qingqolo Senior Secondary.,N,1,42.1,8,19,45.5,5,11,29.4,5,17
200401252,4101040,Qokolweni Senior Secondary,N,3,77.4,65,84,48.9,66,135,69.5,57,82
200404023,4102041,Science College,N,,56.7,17,30,100,17,17,50,14,28
200400985,4101042,Sea View Secondary,N,1,34.1,15,44,22,11,50,13.2,7,53
400005,4101062,Sinolwazi Sen Secondary,N,3,45.9,34,74,41.2,35,85,39,23,59
200401288,4101043,St Johns College,Y,4,93.5,343,367,96,291,303,76.1,370,486
200404020,4102044,St Jude Private,N,,56.9,29,51,92.6,50,54,73.1,38,52
200404015,4102045,St Martins,N,,69.2,9,13,87.7,57,65,72.1,31,43
200401409,4102046,Strategic High,N,,80.5,33,41,88.9,40,45,43.9,47,107
200401089,4101049,Umtata High,Y,4,96.6,84,87,95.6,108,113,87.1,81,93
200404014,4101050,Umtata International,N,4,89.9,71,79,87.7,71,81,69.4,50,72
200401340,4101051,Umtata Technical College,Y,3,73.1,79,108,67.7,67,99,70.5,105,149
200401104,4101057,Upper Mpako Senior,N,1,24.6,31,126,35.4,64,181,59.1,52,88
200401150,4101052,Xolilizwe Sangoni Senior,N,3,29.1,23,79,42.7,50,117,41.9,49,117
200401166,4101053,Zamakulungisa Senior,N,3,69.4,220,317,75.4,215,285,69.8,143,205
200401191,4101058,Zimele High,N,3,85.4,140,164,71.3,139,195,78.3,94,120
200401304,4101054,Zingisa Comprehensive,Y,5,92.8,155,167,93.1,188,202,88.8,159,179
200401210,4101055,Zwelibangile Senior,N,3,47.9,58,121,46,52,113,47.2,85,180
200401225,4101056,Zwelodumo Senior Secondary,N,3,51.8,58,112,71.4,125,175,82.5,80,97
200600452,4131001,Batandwa Ndondo Senior,N,3,65.3,49,75,66.4,71,107,78,71,91
200600088,4131002,Cala Senior Secondary,N,3,90.8,59,65,78.7,85,108,29.5,36,122
200400084,4131003,Clarkebury Senior Secondary,N,1,45.8,82,179,90.6,125,138,65.8,52,79
200600123,4131020,D.M. Skosana Senior,N,2,62.7,37,59,63.6,49,77,46.1,41,89
200400134,4131004,Dolophini Senior Secondary,N,1,56.9,37,65,59.4,38,64,41.8,28,67
200401338,4131005,Elliot High,N,4,81.8,27,33,82.9,29,35,96.7,29,30
200400159,4131006,Emizamoyethu Senior,N,1,65.6,21,32,43.2,19,44,29.2,7,24
200400248,4131007,Gwarubana Senior Secondary,N,1,42.3,33,78,55.4,62,112,64.7,33,51
200400324,4131025,Khanyolwethu Senior,N,1,44.4,8,18,33.3,5,15,,,
200600359,4131009,L.Jentile Senior Secondary,N,2,50,15,30,82.1,32,39,85.2,23,27
200400487,4131010,Manzana Senior Secondary,N,2,72.2,39,54,12.5,2,16,39.4,43,109
200400504,4131011,Masikhuthale Public,N,3,60.8,31,51,68.3,56,82,93.3,28,30
200400940,4131024,Masilingane Senior Secondary,N,1,61.7,29,47,89.3,25,28,85,17,20
200400552,4131012,Mcobololo Senior Secondary,N,1,66,33,50,85.1,40,47,56.5,26,46
200400584,4131013,Mgudlwa Senior Secondary,N,1,86.7,78,90,63.6,42,66,76.2,32,42
200400693,4131014,Mzikayise Dalasile Secondary,N,2,67.7,67,99,76.2,77,101,76.2,48,63
200401313,4131015,Nosimo Technical High,N,1,13.8,4,29,11.1,4,36,23.1,6,26
200400893,4131016,Nyanga Senior Secondary,Y,3,78.2,165,211,63.9,138,216,67.1,163,243
200400905,4131021,Pakamani Senior Secondary,N,1,83.2,158,190,72.6,98,135,68.3,56,82
200600743,4131022,Sifonondile Senior Secondary,N,2,62.5,15,24,50,11,22,61.9,13,21
200401199,4131017,Zululiyazongoma Senior,N,1,92.9,104,112,84.5,93,110,91.4,74,81
200401213,4131018,Zwelihle Senior Secondary,N,1,43.3,29,67,50,38,76,49.5,54,109
200401223,4131019,Zwelivumile Senior Secondary,N,1,48.5,33,68,63.6,35,55,58.8,30,51
200100019,4222001,Alazhar Primary Institute,N,,100,11,11,,,,,,
200100021,4221002,Alexander Road High,N,5,99,203,205,98.6,212,215,99.5,194,195
200100037,4221003,Arcadia Senior Secondary,N,3,80.2,77,96,70,42,60,66.7,62,93
200100957,4221004,Bertram Secondary,N,3,67.4,64,95,71.1,86,121,48.8,61,125
200100064,4221005,Bethelsdorp Comprehensive,N,3,77.8,112,144,75.2,103,137,73.6,89,121
200100079,4221006,Booysen Park Secondary,N,3,79.7,59,74,79,49,62,90.3,28,31
200100977,4222081,Brylin High,N,,92.3,36,39,92.3,36,39,100,19,19
200100104,4223007,Cape Recife High,N,,75,21,28,93.1,27,29,73,27,37
200100111,4221008,Chapman High,N,4,96.2,102,106,88.1,119,135,98.1,103,105
200100114,4221009,Chatty Senior Secondary,N,5,55.6,50,90,36.4,24,66,58.1,18,31
200100118,4221010,Chubekile Senior Secondary,N,3,52.1,37,71,54.9,50,91,66.1,37,56
200100119,4221011,Cingani High,N,3,63.2,48,76,35.6,47,132,70.8,46,65
200100131,4221012,Collegiate Girls High,N,5,99.3,138,139,100,139,139,100,142,142
200100137,4221013,Coselelani Senior Secondary,N,3,81,17,21,55.6,15,27,38.9,14,36
200100139,4221014,Cowan High,N,3,74.3,101,136,75.4,126,167,73,92,126
200100151,4221015,David Livingstone Senior,N,3,60.5,49,81,66,35,53,94.4,17,18
200100145,4221016,Ddt Jabavu High,N,3,28.4,21,74,28.8,15,52,32.6,14,43
200100177,4221017,Douglas Mbopa Senior,Y,3,64.3,133,207,75.8,119,157,65.4,89,136
200100186,4221018,E.Z Kabane High,N,3,69.4,25,36,49,24,49,32.1,18,56
200100190,4222019,Ed-U-College High,N,,70.7,29,41,70.3,26,37,63,34,54
200100954,4221021,Ethembeni Enrichment Centre,N,5,98.6,70,71,97.4,74,76,92.6,63,68
200100244,4221022,Gelvandale High,N,4,72.7,117,161,68.9,113,164,62.7,79,126
200100267,4221023,Gqebera Senior Scondary,N,3,61.9,13,21,81.3,39,48,39.3,11,28
200100277,4221024,Grey Boys,N,5,100,160,160,100,182,182,100,171,171
200100308,4221025,Hillside Secondary Odary,N,3,78.6,44,56,58,51,88,65.8,50,76
200100033,4221026,Hoerskool Andrew Rabie,N,5,84.5,71,84,93.4,71,76,91.3,73,80
200100313,4221027,Hoerskool Cillie,N,3,96.9,124,128,88.7,110,124,84.8,84,99
200100165,4221028,Hoerskool D.F Malherbe,N,5,98.9,93,94,98.9,87,88,98.9,91,92
200100230,4221029,Hoerskool Framesby,N,5,99.5,189,190,98.1,210,214,99.5,198,199
200100607,4221030,Hoerskool Otto Du Plessis,N,5,89,137,154,90.1,118,131,82.9,102,123
200100384,4221038,Ikhwezi Lomso Comprehensive,Y,3,72.6,114,157,59.4,151,254,62,80,129
200100989,4222032,Insight Learning Centre &,N,,77.8,7,9,77.8,14,18,41.2,7,17
200100344,4221033,Ithembelihle Comprehensive,N,3,50.3,73,145,65.9,83,126,84,79,94
200100347,4221034,James Jolobe Senior,N,3,47.7,41,86,40.2,37,92,60,33,55
200100973,4222035,Kabega Christelike Skool,N,,91.7,22,24,92.3,12,13,85.7,6,7
200100892,4223036,Khanyisa School For The Blind,N,,66.7,2,3,75,3,4,,,
200100381,4221037,Khumbulani High,N,3,72.5,66,91,57.3,51,89,63.8,51,80
200100927,4221039,Kwamagxaki High,N,3,68.4,80,117,74.2,49,66,24.6,31,126
200100427,4221040,Kwazakhele High,Y,3,55.3,52,94,41.5,51,123,57.7,64,111
200100119,4221041,Lawson Brown High,N,3,92.2,142,154,88.6,109,123,92.1,152,165
200100133,4222042,Linkside High,N,5,96.9,95,98,97.1,134,138,84.5,93,110
200100468,4221043,Loyiso Senior Secondary,N,3,75.8,50,66,48.4,44,91,59.3,35,59
200100472,4221044,Lungisa High,N,3,64.6,82,127,59.5,66,111,41.8,56,134
200100476,4221045,Lwandlekazi High,N,3,30,12,40,26.5,9,34,23.5,12,51
200100477,4221046,Lwazilwethu Senior,N,3,76.5,13,17,62.5,20,32,37.5,9,24
200100497,4221047,Masibambane Senior,N,3,50.5,50,99,58.3,56,96,40.6,26,64
200100498,4221048,Masiphathisane Senior,N,3,82.1,119,145,73.6,117,159,60.9,157,258
200100509,4221049,Mfesane Senior Secondary,N,3,85.2,75,88,68.4,52,76,65.6,40,61
200100117,4221050,Morningside High,N,5,75,57,76,69.8,67,96,60.3,47,78
200100531,4221051,Motherwell High,N,3,51,53,104,65,52,80,71.2,42,59
200100546,4221052,Mzontsundu Senior,N,3,26.6,37,139,50,34,68,35.4,40,113
200101034,4222053,Nasruddin Islamic High,N,,100,25,25,100,38,38,100,24,24
200100555,4221054,Ncedo Senior Secondary,N,3,78.4,58,74,77.1,37,48,63.6,63,99
200100556,4221055,Ndyebo Senior Secondary,N,3,59.8,49,82,71,71,100,86,80,93
200100558,4221056,Ndzondelelo High,N,3,75.9,129,170,65.9,122,185,61.1,80,131
200100563,4221057,Newell Public Secondary,N,3,49.3,36,73,50.8,63,124,60.9,53,87
200100567,4221031,Newton T.H.S,N,5,87.6,78,89,88.4,107,121,77.1,84,109
200100893,4223058,Northern Lights,N,,56.4,53,94,76.7,23,30,70,14,20
200100618,4221059,Paterson High,N,4,80.6,87,108,77.8,77,99,85.4,82,96
200100619,4221060,Pearson High,N,5,100,168,168,99.4,177,178,100,150,150
200100626,4221061,Phakamisa Senior Secondary,N,3,34.5,30,87,51.4,38,74,47.6,30,63
200100638,4221062,Qaphelani Senior Secondary,N,3,50,23,46,56.6,43,76,65.1,28,43
200100671,4221063,Sakhisizwe Senior Secondary,N,3,45.6,36,79,66.7,20,30,42.6,23,54
200100678,4221064,Sanctor High,N,3,87.1,183,210,85.2,121,142,67.6,121,179
200100670,4221065,Sek Mqhayi Senior Secondary,N,3,72.7,24,33,75,21,28,43.5,10,23
200100716,4221066,Sophakama Senior Secondary,N,3,32.3,10,31,40.4,23,57,61.1,11,18
200100717,4221067,Soqhayisa Senior Secondary,N,3,91.1,51,56,88.9,48,54,78.4,29,37
200900350,4221087,St Albans,N,5,83.3,5,6,41.2,7,17,33.3,2,6
200100735,4221068,St James Secondary,N,5,81.9,68,83,90.6,58,64,45.4,49,108
200100745,4221069,St Thomas Senior Secondary,Y,3,88.7,134,151,82.7,91,110,71.4,120,168
200100769,4221070,Tamsanqa Secondary,N,3,22.5,9,40,20.4,11,54,23.9,11,46
200100777,4221071,Tembalabantu Senior,N,3,33.3,17,51,30.6,26,85,34.2,25,73
200100918,4222072,The Hill College,N,,94.1,32,34,97.2,35,36,91.2,31,34
200100895,4222073,Theodor Herzl High,N,,100,31,31,100,36,36,100,23,23
200100786,4221020,Thubelihle Senior Secondary,N,3,14.9,13,87,70,21,30,50,21,42
200100799,4221074,Tyhilulwazi Senior Secondary,N,3,33.9,20,59,54.2,26,48,56.9,29,51
200100823,4221075,Victoria Park High,N,5,99.1,215,217,99.5,193,194,95,172,181
200100830,4221076,Vulumzi Senior Secondary,N,3,57.4,27,47,52.8,28,53,39.3,22,56
200100878,4221077,Walmer High,N,3,27.1,46,170,58,94,162,62.7,79,126
200100846,4221078,Westering High,N,5,100,161,161,98.8,162,164,98.8,160,162
200100851,4221079,Westville Secondary,N,5,90.2,111,123,82.7,115,139,87.9,87,99
200100869,4221080,Woolhope Secondary,Y,4,83.1,133,160,77.5,117,151,70,91,130
200600004,4071001,Abambo High,N,2,37.5,39,104,59.6,56,94,69,69,100
200600076,4071002,Bulelani Senior Secondary,Y,3,71.7,114,159,83.6,107,128,75.7,78,103
200600163,4071003,Ekuphumleni High,N,3,82.6,57,69,71,66,93,90,45,50
200600206,4071004,Funda High,Y,3,60.5,72,119,80.4,90,112,40.6,52,128
200600245,4072043,Get Ahead,N,,87.2,68,78,97.2,69,71,82.5,47,57
200600253,4071005,Hewu,N,3,36.8,14,38,34.9,15,43,32.3,10,31
200600693,4071006,Hexagon High,N,5,87,80,92,96.6,85,88,89.6,60,67
200600267,4071007,Hoerskool Hangklip,N,5,96.7,59,61,91.1,41,45,97,65,67
200600307,4071008,Joe Slovo Freedom High,N,3,56.1,64,114,41.9,31,74,36.3,33,91
200601022,4071009,John Noah High,N,3,63.5,33,52,38.8,31,80,56.1,32,57
200600981,4071010,Khanya High,N,3,45.8,11,24,28.1,18,64,23.8,19,80
200601065,4071011,Kwa-Komani Comp.,N,3,64.8,103,159,53,107,202,56,93,166
200600886,4071012,Lavelilanga Senior Secondary,N,3,22.2,6,27,40.9,9,22,16.7,3,18
200600375,4071013,Lingelihle Senior Secondary,N,3,74.1,100,135,84.9,90,106,75.3,61,81
200600400,4071014,Luvuyo Lerumo,Y,3,34.4,64,186,69.9,72,103,65,39,60
200601105,4071015,Manzezulu Senior Secondary,N,3,36.7,18,49,70.2,33,47,50,8,16
200600441,4071016,Maria Louw High,Y,5,63.9,122,191,82.7,115,139,86.5,128,148
200600480,4071017,Mhlotshana Senior Secondary,N,3,14.7,10,68,35.1,13,37,34,16,47
200600503,4071018,Molteno High,N,4,62.1,18,29,61.1,11,18,61.9,13,21
200600539,4071019,Mzamomhle High,N,2,21.4,3,14,50,8,16,30.4,7,23
200600542,4071020,N. Motman Public,N,3,35.6,21,59,51.6,33,64,62.7,32,51
200600556,4071021,Ndlovukazi High,N,3,56.1,32,57,64.9,37,57,57.4,35,61
200600576,4071022,Ngubengcuka Senior,N,3,20.9,9,43,28.6,18,63,21.9,7,32
200600963,4071023,Nkwanca High,N,3,66,99,150,76.2,77,101,79.1,110,139
200600986,4071024,Nompumelelo High,N,3,42.2,49,116,55.8,48,86,64,57,89
200600643,4071026,Ntunja Senior Secondary,N,3,44,11,25,36.8,14,38,36.4,8,22
200600799,4072027,Olivet Private,N,,100,12,12,100,8,8,45.5,5,11
200600667,4071028,Phakamani Senior Secondary,N,2,75,6,8,83.3,15,18,60,9,15
200600691,4071029,Queen's College Boys' High,N,5,99.1,108,109,100,109,109,98.3,116,118
200600694,4071030,Queenstown Girls High,N,5,100,103,103,100,90,90,100,94,94
200600071,4072031,Royal Academy,N,,85.4,41,48,92.3,36,39,52,26,50
200600738,4071032,Sibonile Senior Secondary,N,3,40.9,9,22,68.2,15,22,29.4,5,17
200600739,4071033,Sibuyele Combined,N,2,35,14,40,41.7,10,24,37.5,15,40
200600746,4071034,Sijongephambili,N,3,29.7,11,37,28.6,10,35,38.7,12,31
200600760,4071035,Siyaphakama Senior,N,3,17.7,11,62,26.7,12,45,11.5,3,26
200601117,4071036,Sovuka Sikhanye High,N,2,27.8,5,18,42.3,11,26,40.9,9,22
200600779,4071037,Soyisile Senior Secondary,N,2,46,23,50,66,31,47,72.5,29,40
200600885,4071038,Velalanga Senior Secondary,N,3,28.6,6,21,57.1,8,14,33.3,8,24
200600898,4071039,Vuselela Combined,N,2,48.8,20,41,43.1,22,51,24.4,11,45
200600903,4071040,W.B.Rubusana Senior,N,3,54.9,62,113,60.2,68,113,56.5,70,124
200600936,4071041,Zamokuhle Senior Secondary,N,3,20.5,9,44,65,13,20,35.9,14,39
200600956,4071042,Zweledinga High,N,2,50,41,82,62.5,45,72,60.8,31,51
200400034,4111001,Bele Zingcuka Technical,N,3,63,29,46,69.2,45,65,77.4,24,31
200400067,4111002,Cameron Ngudle Senior,N,2,95.8,23,24,97.1,34,35,89.2,33,37
200400108,4111003,Daluhlanga Senior Secondary,N,1,75,9,12,59.5,25,42,45.8,11,24
200400128,4111004,Dilizintaba Senior Secondary,Y,2,73.1,38,52,56.2,41,73,63.3,50,79
200501398,4111005,Dweba Senior Secondary,N,1,55.6,15,27,81.5,44,54,75.8,25,33
200400200,4111006,Gcisa Senior Secondary,N,2,63.6,14,22,65.6,21,32,23.3,7,30
200400293,4111007,Jongilizwe Senior Secondary,N,3,66,33,50,15.2,12,79,60.9,28,46
200400308,4111008,Joubert Ludidi Senior,N,2,97.5,39,40,37.5,39,104,21.8,34,156
200400310,4111009,Kt Mchasana Senior,N,3,91.5,129,141,87.8,108,123,63.6,110,173
200400363,4111010,Little Flower Senior Secondary,Y,4,97.4,76,78,74.1,129,174,59.6,81,136
200400364,4111011,Lutuka Senior Secondary,N,3,81.4,83,102,65,106,163,,,
200400671,4111012,Mtengwane Senior Secondary,N,2,64.1,25,39,45.1,23,51,37.5,15,40
200400847,4111013,Nqwiliso Senior Secondary,N,1,92.1,35,38,49.2,93,189,35.6,64,180
200400524,4111014,Qumbu Technical High,N,2,82.8,24,29,62.7,52,83,59.3,70,118
200400958,4111015,Qumbu Village Senior,Y,4,77.2,88,114,48.2,95,197,59.3,67,113
200401286,4111028,Reuben Ntuli Senior,N,3,65.8,25,38,35.2,43,122,84.4,54,64
200400979,4111016,Sandy Majeke Senior,N,3,54.5,6,11,28.1,9,32,28.3,15,53
200400989,4111017,Shawbery Senior Secondary,N,2,67.6,50,74,52.5,63,120,81.5,44,54
200401291,4111018,Somagunya Senior Secondary,N,2,31.3,21,67,65.1,41,63,11.6,5,43
200401027,4111019,St Bartholomews Senior,N,2,85.7,42,49,84.5,60,71,81.1,43,53
200401028,4111020,St Cuthberths Senior,N,3,75.9,41,54,69.2,27,39,41.9,52,124
200401035,4111021,Sulenkama Senior Secondary,N,2,73.7,14,19,62.8,27,43,28.6,6,21
200401041,4111022,Tandani Senior Secondary,N,2,59.7,43,72,61.8,55,89,66.1,41,62
200501219,4111023,Tolweni Senior Secondary,N,1,53.3,8,15,14.2,40,281,22.6,53,235
200401069,4111024,Tshongweni Senior Secondary,N,3,61.1,22,36,62.5,30,48,57.7,30,52
200400359,4111025,Tsolo High,N,3,78.2,43,55,65.5,36,55,59.8,49,82
200401321,4111026,Upper Culunca Senior,N,1,93.3,14,15,57.6,19,33,26.1,6,23
200401143,4111027,Welsh Senior Secondary,N,1,80,8,10,25.3,22,87,40,18,45
200600012,4061001,Aliwal North High,N,5,98.8,84,85,97.4,76,78,100,92,92
200600266,4061002,Barkly East High,N,4,92,23,25,95.8,23,24,84.4,27,32
200600048,4061003,Bishop Demont Secondary,N,3,82.9,29,35,80,44,55,86.3,44,51
200600049,4061004,Blikana Senior Secondary,N,2,49.3,37,75,40.6,28,69,38.1,24,63
200600078,4061005,Burgersdorp High,N,4,97.8,44,45,97.9,46,47,97.6,41,42
200601008,4061006,Cebolethu High,N,3,14.3,1,7,36.4,4,11,35.7,5,14
200600152,4061007,Ebenenzer Nyathi Senior,N,3,42.6,43,101,25.4,30,118,44.8,30,67
200600160,4061008,Egqili Senior Secondary,N,3,68.8,75,109,67,69,103,66.7,58,87
200600190,4061009,Ethembeni Secondary,N,3,38.4,28,73,57.8,37,64,30.5,25,82
200600291,4061010,Impumelelo Senior Secondary,N,3,80.2,65,81,75,54,72,52.6,30,57
200600308,4061011,Jonas Goduka Senior,N,2,77.8,14,18,37.1,13,35,38.7,12,31
200600985,4061029,Lady Grey Academy,N,4,95.9,70,73,92.8,64,69,88.2,45,51
200600399,4061012,Luvumelwano Senior,N,2,45.6,41,90,42.4,36,85,34.7,50,144
200600424,4061013,Malcomess Secondary,N,3,54.6,59,108,58,51,88,56.5,26,46
200600428,4061014,Malikhanye Senior Secondary,N,3,72.1,62,86,66.7,36,54,60.9,39,64
200600446,4061030,Masakhane Senior Secondary,N,2,44.2,23,52,17.9,12,67,45.5,15,33
200600476,4061015,Mehlomakhulu Senior,N,2,53.9,69,128,42.9,54,126,33.5,54,161
200600972,4061016,Mzomhle Senior Secondary,N,2,52.9,27,51,52.5,32,61,32.8,20,61
200600589,4061017,Nkululeko Senior Secondary,N,3,32.7,18,55,50,28,56,33.3,30,90
200600606,4061018,Nompumelelo Senior,N,2,13.1,8,61,42.2,19,45,42.9,15,35
200600638,4061019,Ntlalo Senior Secondary,N,3,77.8,14,18,51.9,14,27,36.1,13,36
200600649,4061020,Nyathela Senior Secondary,N,2,31.9,37,116,24.1,33,137,44.4,48,108
200600670,4061021,Phambili Mzontsundu Senior,N,3,63.4,26,41,45.2,14,31,38.1,16,42
200600708,4061022,Rex Mdebuka Senior,N,3,34.9,15,43,45.7,16,35,30.5,18,59
200601001,4061023,Simphiwe Khethwa Secondary,N,3,40,10,25,24.4,10,41,55.6,20,36
200600037,4061024,Sivumelene Senior Secondary,N,1,43.5,20,46,25.6,10,39,10,2,20
200600795,4061025,St Teresa Senior Secondary,N,1,81.5,123,151,87.3,103,118,79.7,118,148
200601149,4062026,Sterkspruit Christian,N,,100,30,30,100,20,20,100,11,11
200600801,4061027,Sterkspruit Senior Secondary,N,3,55.3,89,161,58.4,73,125,76.9,50,65
200600849,4061028,Tlokweng Senior Secondary,Y,1,68.6,162,236,73,170,233,84.5,142,168
200100312,4231001,Brandwag High,N,5,98.4,180,183,99.4,162,163,99.4,160,161
200100909,4231002,Daniel Piernaar Ths,N,5,93.3,140,150,92.4,121,131,90.1,137,152
200100238,4231003,Gamble Street Secondary,N,3,88.2,112,127,64.7,75,116,75.6,68,90
200101041,4232037,Global Leadership Academy,N,,100,37,37,100,35,35,100,39,39
200100291,4231004,Hankey Senior Secondary,N,3,66.7,58,87,49.3,35,71,51.2,42,82
200100162,4231005,Hoerskool Despatch,N,5,96,143,149,95.9,141,147,97.7,130,133
200100315,4231006,Hoerskool Mc Lachlan,N,4,100,19,19,100,23,23,95.5,21,22
200100571,4231007,Hoerskool Nico Malan,N,5,98.7,150,152,100,180,180,98.6,143,145
200100325,4231008,Humansdorp Senior,N,3,89.8,211,235,82.6,218,264,82.9,29,35
200100357,4231009,John Walton Secondary,N,3,64.7,55,85,45.5,55,121,56,42,75
200100390,4231010,Kirkwood High,N,4,100,23,23,97,32,33,100,27,27
200100454,4231011,Limekhaya Secondary,N,3,57.5,42,73,46.7,43,92,85.9,61,71
200100473,4231012,Lungiso Public High,N,3,83.3,35,42,88.2,15,17,16.7,1,6
200100494,4231013,Mary Mount RC Secondary,N,5,73,46,63,62.5,20,32,75.6,68,90
200100503,4231014,Mc Carthy Comprehensive,N,3,72.7,48,66,78.5,51,65,57.4,27,47
200100525,4231016,Molly Blackburn Senior,N,3,72.3,183,253,60.9,151,248,56.1,119,212
200100529,4231017,Moses Madiba Senior,N,3,31.6,12,38,31,13,42,22.2,8,36
200100538,4231018,Muir College Boys High,N,5,91.9,68,74,89.5,68,76,85.7,54,63
200100572,4231019,Nkululeko Senior Secondary,N,3,15.5,18,116,42.2,73,173,58.8,70,119
200100917,4231020,Patensie Secondary,N,3,15.8,3,19,23.1,6,26,35.3,6,17
200100937,4231021,Paul Sauer High,N,4,96.4,27,28,96.7,29,30,100,33,33
200100627,4231022,Phaphani Senior Secondary,Y,3,33.3,18,54,29.4,20,68,28.8,17,59
200100640,4231036,Qhayiyalethu F.E.T.,N,3,50,19,38,46.2,18,39,42.1,16,38
200100650,4231023,Riebeek College Girls High,N,5,98.9,87,88,100,84,84,98.6,72,73
200100657,4231024,Rocklands Intermediate,N,2,85,34,40,95,19,20,81.8,27,33
200100674,4231025,Samkelwe Senior Secondary,N,3,35.1,13,37,45.9,17,37,21.9,7,32
200100680,4231026,Sandisulwazi High,N,3,84.6,11,13,36.1,13,36,48.4,15,31
200100702,4231027,Sisonke Senior Secondary,N,3,29,20,69,45.9,28,61,28.1,18,64
200100713,4231028,Solomon Mahlangu High,N,3,73,54,74,47.4,37,78,29.4,25,85
200100731,4231029,St Colmcille Senior Secondary,N,3,81.5,22,27,59.5,25,42,35.6,21,59
200100750,4231030,Strelitzia High,N,5,91.5,118,129,89.7,105,117,89.7,78,87
200100772,4231031,Thanduxolo Senior Secondary,N,3,35.1,13,37,21.6,19,88,20,4,20
200100788,4231032,Tinara High,N,3,28.9,11,38,46.2,12,26,38.9,14,36
200100802,4231033,Uitenhage Senior Secondary,N,4,85.9,158,184,73.7,174,236,62,129,208
200100810,4231034,V.M Kwinana Senior,N,3,67.5,27,40,52.7,29,55,63,17,27
200100881,4231035,Zanolwazi Senior Secondary,N,3,27.8,20,72,34,16,47,37.5,9,24
442506316,3202001,Afrikaanse Hskool Kroonstad,N,5,97.2,106,109,100,110,110,98.2,108,110
443611240,3201001,Afrikaanse Hskool Sasolburg,N,5,94.2,114,121,95.7,134,140,92.5,124,134
443011135,3201002,Barnard Molokoane Senior,N,1,86.3,82,95,90.5,105,116,90.6,96,106
442506237,3202002,Bodibeng Senior Secondary,N,2,87.1,54,62,71.9,64,89,73,27,37
444611126,3202004,Boiphihlelo Senior Secondary,N,1,90.5,38,42,81,47,58,91.7,44,48
443011180,3201004,Boitlamo Senior Secondary,N,1,68.1,64,94,86.6,103,119,78.5,62,79
444510328,3201005,Bongane-Lebohang Senior,N,1,78.4,29,37,78.3,47,60,70,35,50
442506332,3202005,Brentparkcombined,N,3,85,34,40,83.3,35,42,62.9,39,62
442506338,3202006,Calculus Kollege Ci/S,N,,93.3,28,30,85.7,30,35,82.1,32,39
443611168,3201006,Cedar Senior Secondary,N,3,56.5,83,147,60,81,135,67,77,115
442506199,3202009,Dr Reginald Cingocombineds,Y,3,85.5,118,138,76.7,112,146,91.3,73,80
441610084,3201007,Falesizwe Senior Secondary,Y,1,83.5,106,127,80.6,137,170,54.5,61,112
441811277,3202011,Heilbroncombined,N,5,100,40,40,100,46,46,100,42,42
443611245,3201010,Hts Sasolburg,N,5,92.6,75,81,89.7,78,87,82.8,72,87
443611134,3201011,Iketsetsengcombineds,N,3,75,96,128,87.4,90,103,69.7,76,109
442506339,3202013,Jsm Setiloane Senior Secondary,N,3,58.8,10,17,92.3,12,13,80,12,15
443611280,3201051,Kahobotjha-Sakubusha Senior,N,3,86.8,66,76,91.4,74,81,73.3,55,75
442506078,3202014,Kananelo Senior Secondary,N,3,87.1,101,116,78.2,111,142,91.9,68,74
444306340,3202015,Kgabareng TS,N,1,85.3,29,34,95.7,22,23,70.6,12,17
444306234,3202016,Kgolagano Senior Secondary,N,1,100,87,87,89.8,106,118,84.8,84,99
442506318,3202019,Kroonstad Combined S,N,5,96.7,116,120,97.1,100,103,98,100,102
442411129,3202021,Kwakwatsi Senior Secondary,N,2,81,34,42,86.4,38,44,78.6,33,42
443611141,3201012,Le Notsi Senior Secondary,N,2,75,57,76,78.9,45,57,69.2,45,65
442510187,3202025,Matlwangtlwang Senior,N,2,82.4,61,74,95.1,78,82,81,51,63
441811178,3201015,Metsimatle Senior Secondary,N,2,72,18,25,67.5,27,40,87.5,21,24
441610200,3201016,Mfundo Thuto Senior Secondary,N,2,85.9,61,71,80.6,79,98,81.4,79,97
442506203,3202026,Motswela Senior Secondary,N,3,76.3,58,76,72.4,71,98,75.8,50,66
440506229,3202028,Nampo S S,N,1,97.1,34,35,97.7,43,44,100,24,24
442506241,3202029,Ngwathe Senior Secondary,N,2,89.5,34,38,93.5,58,62,86.2,50,58
443611068,3201018,Nkgopoleng Senior Secondary,Y,3,66.3,108,163,88.5,123,139,81.6,80,98
443611181,3201019,Nomsa Senior Secondary,N,2,63.4,83,131,80,72,90,53.7,44,82
443011241,3201020,Parys Skool Senior Secondary,N,5,95.1,97,102,95.5,106,111,96.6,86,89
443611162,3201021,Pele-Ya-Pele Senior Secondary,Y,3,79.3,73,92,80.8,63,78,77.9,60,77
443011028,3201022,Phehellang Senior Secondary,N,3,87.9,51,58,76.3,45,59,72.7,24,33
442506216,3202032,Phephetso Senior Secondary,N,3,80.7,67,83,85.3,99,116,79.5,89,112
441811229,3202034,Phiritona Senior Secondary,N,3,84.1,116,138,73.6,103,140,79.6,82,103
441610173,3201023,Qalabotjha Senior Secondary,N,2,97.4,75,77,90.3,56,62,38,27,71
443611272,3202036,Rebatla Thuto Senior Secondary,N,2,85.3,29,34,87.7,50,57,75,21,28
441610193,3201024,Refeng Thabo Senior Secondary,N,2,88.1,37,42,81.3,26,32,54.8,34,62
444306214,3202037,Rehauhetswe S S,N,1,71.9,46,64,73,46,63,56.7,38,67
441610088,3201026,Retshedisitswe Senior Secondary,N,2,96.1,73,76,90.7,146,161,79.2,61,77
444306320,3202038,Salomon Senekal Combined,N,5,95.7,22,23,100,28,28,100,19,19
444611171,3202039,Samuel Sebego Paki Senior,N,1,75.2,76,101,89.9,71,79,85.4,70,82
442411249,3202041,Sarel Cilliers Combined,N,3,96.3,26,27,100,33,33,100,23,23
443611242,3201028,Sasolburg Senior Secondary,Y,5,98.1,154,157,99.4,153,154,97.9,142,145
441811147,3202042,Sediba-Thuto Senior Secondary,N,1,94.9,75,79,76.1,54,71,74.7,62,83
442710262,3202043,Steynsrus Combined,N,4,95.7,44,46,100,28,28,92.6,25,27
444306138,3202045,Thabang Senior Secondary,N,1,79.2,38,48,86.6,58,67,80,44,55
442506169,3202046,Thakameso Combined S,N,2,81.3,61,75,96.4,54,56,69.8,37,53
441610358,3201029,Tsebo-Ulwazi Senior Secondary,N,2,50,29,58,73.8,48,65,80.4,41,51
441610264,3201031,Tweeling Combined,N,2,97.7,43,44,100,31,31,100,31,31
443611170,3201032,Vaal Christian Ci/S,N,,70.7,41,58,97.5,77,79,89.3,50,56
443611244,3201033,Vaalpark Senior Secondary,N,5,88.6,78,88,94.7,72,76,91.4,64,70
441610265,3201034,Villiers Combined,N,4,100,6,6,90.9,10,11,100,9,9
443011203,3201035,Weiveld S S,N,1,95.2,59,62,97.3,73,75,95.7,66,69
441610266,3201036,Wilgerivier Combined,N,5,100,46,46,100,52,52,97.7,42,43
443011173,3201037,Yakhisiswe Senior Secondary,N,3,82.3,51,62,71.4,65,91,73,54,74
442506335,3202048,Zenith Ci/S,N,,85,34,40,84.9,45,53,79.5,35,44
440704214,3182001,Akademia Senior Secondary,N,2,80.2,97,121,92.2,95,103,67.3,74,110
440404129,3181001,Aramela Combined,N,2,72.4,21,29,82.4,14,17,90,27,30
441912034,3182002,Bahale Senior Secondary,N,3,36.4,63,173,80.8,59,73,56.8,42,74
440404216,3181002,Boshof Combined,N,3,93.5,72,77,97.6,80,82,93.8,61,65
440506317,3181003,Bothaville Senior Secondary,N,5,98.4,63,64,100,47,47,100,49,49
440506235,3181004,Bovaal A C S,N,1,100,6,6,,,,,,
440808296,3181005,Bultfontein Combined,N,5,100,17,17,100,23,23,100,28,28
444008294,3182006,Concordia Senior Secondary,N,2,78.6,55,70,86.9,53,61,86,49,57
440506232,3181006,Diphetoho Senior Secondary,N,1,86.5,32,37,71.4,45,63,78.9,30,38
444712129,3181063,Edmund Rice,N,,96.2,25,26,89.7,26,29,76.9,10,13
444712056,3182008,Ed-U-College Welkom Ci/S,N,,76,19,25,67.9,36,53,66.7,36,54
442908251,3181008,Eldoret Senior Secondary,N,3,71,44,62,67.8,40,59,76.6,36,47
444712076,3182010,Goudveld Senior Secondary,N,5,97.4,151,155,99.4,174,175,97.8,132,135
440808282,3181009,Hanover C F S,N,1,37.5,6,16,73.3,11,15,100,13,13
444412077,3182011,Harmonie Senior Secondary,N,5,94.7,72,76,91.6,76,83,82.8,77,93
441912078,3182013,Hennenman Senior Secondary,N,5,97.8,45,46,95.7,45,47,91.7,44,48
444412079,3182014,Hentie Cilliers H S,N,5,96.2,128,133,96.9,94,97,92.6,112,121
442008297,3181010,Hoopstad Combined,N,5,100,25,25,100,20,20,100,17,17
444712082,3182015,Hts Welkom,N,5,74.2,89,120,91.4,85,93,81.1,73,90
444908323,3181011,Iphateleng Senior Secondary,N,1,72.3,34,47,80,40,50,65.6,21,32
445008310,3182016,Ipopeng Senior Secondary,N,2,56.3,18,32,58.2,32,55,55.1,27,49
444908152,3181012,Ithabeleng Senior Secondary,N,1,83.2,79,95,76.3,61,80,66.1,76,115
444908008,3181013,Itokisetseng C F S,N,1,100,10,10,78.6,11,14,100,6,6
442908321,3181015,J C Motumi Senior Secondary,N,2,73,65,89,83.1,54,65,90.3,28,31
440704040,3181016,Kagisano Combined,N,2,85.7,12,14,96.4,27,28,100,11,11
440404264,3181045,Kghololosego Senior Secondary,N,1,70,21,30,75.7,28,37,66.7,24,36
441912110,3182017,Kheleng Senior Secondary,Y,3,83.1,74,89,84.4,103,122,87.1,61,70
442908307,3181019,Kutloanong Senior Secondary,N,1,81.3,122,150,89.2,132,148,93.8,91,97
442908319,3181020,La Wesi Senior Secondary,N,3,58.9,53,90,88.9,48,54,68.1,49,72
444712002,3182018,Lebogang Senior Secondary,N,3,80.9,93,115,96.6,112,116,89,97,109
444712127,3182067,Lekgarietse,N,3,90.9,50,55,92.5,74,80,87.5,35,40
444712029,3182019,Lenakeng T,N,2,41,25,61,81,34,42,41.2,35,85
